file	mll
stages_bg_stages_merged_min2_BGG1_BGG2_BGG3_BGG4__ps-0p001__bias-0p1__cb-0p1__nbm-lhs-parsed__nbe-0p001__nbmin-0p1__lex-from-prev__ls-0p001__04_BGG4.mll.out	-8.680547
stages_bg_stages_merged_min2_BGG1_BGG2_BGG3_BGG4__ps-0p001__bias-0p1__cb-0p1__nbm-lhs-parsed__nbe-0p001__nbmin-0p1__lex-from-prev__ls-0p01__04_BGG4.mll.out	-8.669354
stages_bg_stages_merged_min2_BGG1_BGG2_BGG3_BGG4__ps-0p001__bias-0p1__cb-0p1__nbm-lhs-parsed__nbe-0p001__nbmin-0p1__lex-from-prev__ls-0p0__04_BGG4.mll.out	-8.683774
stages_bg_stages_merged_min2_BGG1_BGG2_BGG3_BGG4__ps-0p001__bias-0p1__cb-0p1__nbm-lhs-parsed__nbe-0p005__nbmin-0p1__lex-from-prev__ls-0p01__04_BGG4.mll.out	-8.669354
stages_bg_stages_merged_min2_BGG1_BGG2_BGG3_BGG4__ps-0p001__bias-0p1__cb-0p1__nbm-lhs-parsed__nbe-0p005__nbmin-0p1__lex-from-prev__ls-0p0__04_BGG4.mll.out	-8.683774
stages_bg_stages_merged_min2_BGG1_BGG2_BGG3_BGG4__ps-0p001__bias-0p1__cb-0p1__nbm-lhs-parsed__nbe-0p01__nbmin-0p1__lex-from-prev__ls-0p01__04_BGG4.mll.out	-8.669354
stages_bg_stages_merged_min2_BGG1_BGG2_BGG3_BGG4__ps-0p001__bias-0p1__cb-0p1__nbm-lhs-parsed__nbe-0p01__nbmin-0p1__lex-from-prev__ls-0p0__04_BGG4.mll.out	-8.683774
stages_bg_stages_merged_min2_BGG1_BGG2_BGG3_BGG4__ps-0p001__bias-0p1__cb-0p1__nbm-lhs-parsed__nbe-0p05__nbmin-0p1__lex-from-prev__ls-0p01__04_BGG4.mll.out	-8.669343
stages_bg_stages_merged_min2_BGG1_BGG2_BGG3_BGG4__ps-0p001__bias-0p1__cb-0p1__nbm-lhs-parsed__nbe-0p05__nbmin-0p1__lex-from-prev__ls-0p0__04_BGG4.mll.out	-8.683766
stages_bg_stages_merged_min2_BGG1_BGG2_BGG3_BGG4__ps-0p005__bias-0p1__cb-0p1__nbm-lhs-parsed__nbe-0p001__nbmin-0p1__lex-from-prev__ls-0p01__04_BGG4.mll.out	-8.667166
stages_bg_stages_merged_min2_BGG1_BGG2_BGG3_BGG4__ps-0p005__bias-0p1__cb-0p1__nbm-lhs-parsed__nbe-0p001__nbmin-0p1__lex-from-prev__ls-0p0__04_BGG4.mll.out	-8.681500
stages_bg_stages_merged_min2_BGG1_BGG2_BGG3_BGG4__ps-0p005__bias-0p1__cb-0p1__nbm-lhs-parsed__nbe-0p005__nbmin-0p1__lex-from-prev__ls-0p01__04_BGG4.mll.out	-8.667140
stages_bg_stages_merged_min2_BGG1_BGG2_BGG3_BGG4__ps-0p005__bias-0p1__cb-0p1__nbm-lhs-parsed__nbe-0p005__nbmin-0p1__lex-from-prev__ls-0p0__04_BGG4.mll.out	-8.681480
stages_bg_stages_merged_min2_BGG1_BGG2_BGG3_BGG4__ps-0p005__bias-0p1__cb-0p1__nbm-lhs-parsed__nbe-0p01__nbmin-0p1__lex-from-prev__ls-0p01__04_BGG4.mll.out	-8.667098
stages_bg_stages_merged_min2_BGG1_BGG2_BGG3_BGG4__ps-0p005__bias-0p1__cb-0p1__nbm-lhs-parsed__nbe-0p01__nbmin-0p1__lex-from-prev__ls-0p0__04_BGG4.mll.out	-8.681444
stages_bg_stages_merged_min2_BGG1_BGG2_BGG3_BGG4__ps-0p005__bias-0p1__cb-0p1__nbm-lhs-parsed__nbe-0p05__nbmin-0p1__lex-from-prev__ls-0p01__04_BGG4.mll.out	-8.666875
stages_bg_stages_merged_min2_BGG1_BGG2_BGG3_BGG4__ps-0p005__bias-0p1__cb-0p1__nbm-lhs-parsed__nbe-0p05__nbmin-0p1__lex-from-prev__ls-0p0__04_BGG4.mll.out	-8.681244
stages_bg_stages_merged_min2_BGG1_BGG2_BGG3_BGG4__ps-0p01__bias-0p1__cb-0p1__nbm-lhs-parsed__nbe-0p001__nbmin-0p1__lex-from-prev__ls-0p001__04_BGG4.mll.out	-8.676155
stages_bg_stages_merged_min2_BGG1_BGG2_BGG3_BGG4__ps-0p01__bias-0p1__cb-0p1__nbm-lhs-parsed__nbe-0p001__nbmin-0p1__lex-from-prev__ls-0p01__04_BGG4.mll.out	-8.665217
stages_bg_stages_merged_min2_BGG1_BGG2_BGG3_BGG4__ps-0p01__bias-0p1__cb-0p1__nbm-lhs-parsed__nbe-0p001__nbmin-0p1__lex-from-prev__ls-0p0__04_BGG4.mll.out	-8.679357
stages_bg_stages_merged_min2_BGG1_BGG2_BGG3_BGG4__ps-0p01__bias-0p1__cb-0p1__nbm-lhs-parsed__nbe-0p005__nbmin-0p1__lex-from-prev__ls-0p001__04_BGG4.mll.out	-8.676116
stages_bg_stages_merged_min2_BGG1_BGG2_BGG3_BGG4__ps-0p01__bias-0p1__cb-0p1__nbm-lhs-parsed__nbe-0p005__nbmin-0p1__lex-from-prev__ls-0p01__04_BGG4.mll.out	-8.665175
stages_bg_stages_merged_min2_BGG1_BGG2_BGG3_BGG4__ps-0p01__bias-0p1__cb-0p1__nbm-lhs-parsed__nbe-0p005__nbmin-0p1__lex-from-prev__ls-0p0__04_BGG4.mll.out	-8.679315
stages_bg_stages_merged_min2_BGG1_BGG2_BGG3_BGG4__ps-0p01__bias-0p1__cb-0p1__nbm-lhs-parsed__nbe-0p01__nbmin-0p1__lex-from-prev__ls-0p001__04_BGG4.mll.out	-8.676061
stages_bg_stages_merged_min2_BGG1_BGG2_BGG3_BGG4__ps-0p01__bias-0p1__cb-0p1__nbm-lhs-parsed__nbe-0p01__nbmin-0p1__lex-from-prev__ls-0p01__04_BGG4.mll.out	-8.665120
stages_bg_stages_merged_min2_BGG1_BGG2_BGG3_BGG4__ps-0p01__bias-0p1__cb-0p1__nbm-lhs-parsed__nbe-0p01__nbmin-0p1__lex-from-prev__ls-0p0__04_BGG4.mll.out	-8.679256
stages_bg_stages_merged_min2_BGG1_BGG2_BGG3_BGG4__ps-0p01__bias-0p1__cb-0p1__nbm-lhs-parsed__nbe-0p05__nbmin-0p1__lex-from-prev__ls-0p001__04_BGG4.mll.out	-8.675764
stages_bg_stages_merged_min2_BGG1_BGG2_BGG3_BGG4__ps-0p01__bias-0p1__cb-0p1__nbm-lhs-parsed__nbe-0p05__nbmin-0p1__lex-from-prev__ls-0p01__04_BGG4.mll.out	-8.664738
stages_bg_stages_merged_min2_BGG1_BGG2_BGG3_BGG4__ps-0p01__bias-0p1__cb-0p1__nbm-lhs-parsed__nbe-0p05__nbmin-0p1__lex-from-prev__ls-0p0__04_BGG4.mll.out	-8.678871
stages_bg_stages_merged_min2_BGG1_BGG2_BGG3_BGG4__ps-0p05__bias-0p1__cb-0p1__nbm-lhs-parsed__nbe-0p001__nbmin-0p1__lex-from-prev__ls-0p001__04_BGG4.mll.out	-8.667434
stages_bg_stages_merged_min2_BGG1_BGG2_BGG3_BGG4__ps-0p05__bias-0p1__cb-0p1__nbm-lhs-parsed__nbe-0p001__nbmin-0p1__lex-from-prev__ls-0p01__04_BGG4.mll.out	-8.657020
stages_bg_stages_merged_min2_BGG1_BGG2_BGG3_BGG4__ps-0p05__bias-0p1__cb-0p1__nbm-lhs-parsed__nbe-0p001__nbmin-0p1__lex-from-prev__ls-0p0__04_BGG4.mll.out	-8.669715
stages_bg_stages_merged_min2_BGG1_BGG2_BGG3_BGG4__ps-0p05__bias-0p1__cb-0p1__nbm-lhs-parsed__nbe-0p001__nbmin-0p1__lex-from-prev__ls-0p1__04_BGG4.mll.out	-8.651301
stages_bg_stages_merged_min2_BGG1_BGG2_BGG3_BGG4__ps-0p05__bias-0p1__cb-0p1__nbm-lhs-parsed__nbe-0p005__nbmin-0p1__lex-from-prev__ls-0p001__04_BGG4.mll.out	-8.667111
stages_bg_stages_merged_min2_BGG1_BGG2_BGG3_BGG4__ps-0p05__bias-0p1__cb-0p1__nbm-lhs-parsed__nbe-0p005__nbmin-0p1__lex-from-prev__ls-0p01__04_BGG4.mll.out	-8.656645
stages_bg_stages_merged_min2_BGG1_BGG2_BGG3_BGG4__ps-0p05__bias-0p1__cb-0p1__nbm-lhs-parsed__nbe-0p005__nbmin-0p1__lex-from-prev__ls-0p0__04_BGG4.mll.out	-8.669389
stages_bg_stages_merged_min2_BGG1_BGG2_BGG3_BGG4__ps-0p05__bias-0p1__cb-0p1__nbm-lhs-parsed__nbe-0p005__nbmin-0p1__lex-from-prev__ls-0p1__04_BGG4.mll.out	-8.650815
stages_bg_stages_merged_min2_BGG1_BGG2_BGG3_BGG4__ps-0p05__bias-0p1__cb-0p1__nbm-lhs-parsed__nbe-0p01__nbmin-0p1__lex-from-prev__ls-0p001__04_BGG4.mll.out	-8.666825
stages_bg_stages_merged_min2_BGG1_BGG2_BGG3_BGG4__ps-0p05__bias-0p1__cb-0p1__nbm-lhs-parsed__nbe-0p01__nbmin-0p1__lex-from-prev__ls-0p01__04_BGG4.mll.out	-8.656326
stages_bg_stages_merged_min2_BGG1_BGG2_BGG3_BGG4__ps-0p05__bias-0p1__cb-0p1__nbm-lhs-parsed__nbe-0p01__nbmin-0p1__lex-from-prev__ls-0p0__04_BGG4.mll.out	-8.669010
stages_bg_stages_merged_min2_BGG1_BGG2_BGG3_BGG4__ps-0p05__bias-0p1__cb-0p1__nbm-lhs-parsed__nbe-0p01__nbmin-0p1__lex-from-prev__ls-0p1__04_BGG4.mll.out	-8.650343
stages_bg_stages_merged_min2_BGG1_BGG2_BGG3_BGG4__ps-0p05__bias-0p1__cb-0p1__nbm-lhs-parsed__nbe-0p05__nbmin-0p1__lex-from-prev__ls-0p001__04_BGG4.mll.out	-8.665274
stages_bg_stages_merged_min2_BGG1_BGG2_BGG3_BGG4__ps-0p05__bias-0p1__cb-0p1__nbm-lhs-parsed__nbe-0p05__nbmin-0p1__lex-from-prev__ls-0p01__04_BGG4.mll.out	-8.654940
stages_bg_stages_merged_min2_BGG1_BGG2_BGG3_BGG4__ps-0p05__bias-0p1__cb-0p1__nbm-lhs-parsed__nbe-0p05__nbmin-0p1__lex-from-prev__ls-0p0__04_BGG4.mll.out	-8.667838
stages_bg_stages_merged_min2_BGG1_BGG2_BGG3_BGG4__ps-0p05__bias-0p1__cb-0p1__nbm-lhs-parsed__nbe-0p05__nbmin-0p1__lex-from-prev__ls-0p1__04_BGG4.mll.out	-8.648326
stages_bg_stages_merged_min2_BGG1_BGG2_BGG3_BGG4__ps-0p1__bias-0p1__cb-0p1__nbm-lhs-parsed__nbe-0p001__nbmin-0p1__lex-from-prev__ls-0p001__04_BGG4.mll.out	-8.662068
stages_bg_stages_merged_min2_BGG1_BGG2_BGG3_BGG4__ps-0p1__bias-0p1__cb-0p1__nbm-lhs-parsed__nbe-0p001__nbmin-0p1__lex-from-prev__ls-0p01__04_BGG4.mll.out	-8.651327
stages_bg_stages_merged_min2_BGG1_BGG2_BGG3_BGG4__ps-0p1__bias-0p1__cb-0p1__nbm-lhs-parsed__nbe-0p001__nbmin-0p1__lex-from-prev__ls-0p0__04_BGG4.mll.out	-8.664706
stages_bg_stages_merged_min2_BGG1_BGG2_BGG3_BGG4__ps-0p1__bias-0p1__cb-0p1__nbm-lhs-parsed__nbe-0p001__nbmin-0p1__lex-from-prev__ls-0p1__04_BGG4.mll.out	-8.645348
stages_bg_stages_merged_min2_BGG1_BGG2_BGG3_BGG4__ps-0p1__bias-0p1__cb-0p1__nbm-lhs-parsed__nbe-0p005__nbmin-0p1__lex-from-prev__ls-0p001__04_BGG4.mll.out	-8.661320
stages_bg_stages_merged_min2_BGG1_BGG2_BGG3_BGG4__ps-0p1__bias-0p1__cb-0p1__nbm-lhs-parsed__nbe-0p005__nbmin-0p1__lex-from-prev__ls-0p01__04_BGG4.mll.out	-8.650574
stages_bg_stages_merged_min2_BGG1_BGG2_BGG3_BGG4__ps-0p1__bias-0p1__cb-0p1__nbm-lhs-parsed__nbe-0p005__nbmin-0p1__lex-from-prev__ls-0p0__04_BGG4.mll.out	-8.664039
stages_bg_stages_merged_min2_BGG1_BGG2_BGG3_BGG4__ps-0p1__bias-0p1__cb-0p1__nbm-lhs-parsed__nbe-0p005__nbmin-0p1__lex-from-prev__ls-0p1__04_BGG4.mll.out	-8.644376
stages_bg_stages_merged_min2_BGG1_BGG2_BGG3_BGG4__ps-0p1__bias-0p1__cb-0p1__nbm-lhs-parsed__nbe-0p01__nbmin-0p1__lex-from-prev__ls-0p001__04_BGG4.mll.out	-8.660653
stages_bg_stages_merged_min2_BGG1_BGG2_BGG3_BGG4__ps-0p1__bias-0p1__cb-0p1__nbm-lhs-parsed__nbe-0p01__nbmin-0p1__lex-from-prev__ls-0p01__04_BGG4.mll.out	-8.649926
stages_bg_stages_merged_min2_BGG1_BGG2_BGG3_BGG4__ps-0p1__bias-0p1__cb-0p1__nbm-lhs-parsed__nbe-0p01__nbmin-0p1__lex-from-prev__ls-0p0__04_BGG4.mll.out	-8.662864
stages_bg_stages_merged_min2_BGG1_BGG2_BGG3_BGG4__ps-0p1__bias-0p1__cb-0p1__nbm-lhs-parsed__nbe-0p01__nbmin-0p1__lex-from-prev__ls-0p1__04_BGG4.mll.out	-8.643543
stages_bg_stages_merged_min2_BGG1_BGG2_BGG3_BGG4__ps-0p1__bias-0p1__cb-0p1__nbm-lhs-parsed__nbe-0p05__nbmin-0p1__lex-from-prev__ls-0p001__04_BGG4.mll.out	-8.658327
stages_bg_stages_merged_min2_BGG1_BGG2_BGG3_BGG4__ps-0p1__bias-0p1__cb-0p1__nbm-lhs-parsed__nbe-0p05__nbmin-0p1__lex-from-prev__ls-0p01__04_BGG4.mll.out	-8.647640
stages_bg_stages_merged_min2_BGG1_BGG2_BGG3_BGG4__ps-0p1__bias-0p1__cb-0p1__nbm-lhs-parsed__nbe-0p05__nbmin-0p1__lex-from-prev__ls-0p0__04_BGG4.mll.out	-8.660951
stages_bg_stages_merged_min2_BGG1_BGG2_BGG3_BGG4__ps-0p1__bias-0p1__cb-0p1__nbm-lhs-parsed__nbe-0p05__nbmin-0p1__lex-from-prev__ls-0p1__04_BGG4.mll.out	-8.640500
stages_bg_stages_merged_min2_BGG1_BGG2_BGG3_BGG4__ps-0p2__bias-0p1__cb-0p1__nbm-lhs-parsed__nbe-0p001__nbmin-0p1__lex-from-prev__ls-0p001__04_BGG4.mll.out	-8.653783
stages_bg_stages_merged_min2_BGG1_BGG2_BGG3_BGG4__ps-0p2__bias-0p1__cb-0p1__nbm-lhs-parsed__nbe-0p001__nbmin-0p1__lex-from-prev__ls-0p01__04_BGG4.mll.out	-8.642712
stages_bg_stages_merged_min2_BGG1_BGG2_BGG3_BGG4__ps-0p2__bias-0p1__cb-0p1__nbm-lhs-parsed__nbe-0p001__nbmin-0p1__lex-from-prev__ls-0p0__04_BGG4.mll.out	-8.655573
stages_bg_stages_merged_min2_BGG1_BGG2_BGG3_BGG4__ps-0p2__bias-0p1__cb-0p1__nbm-lhs-parsed__nbe-0p001__nbmin-0p1__lex-from-prev__ls-0p1__04_BGG4.mll.out	-8.636533
stages_bg_stages_merged_min2_BGG1_BGG2_BGG3_BGG4__ps-0p2__bias-0p1__cb-0p1__nbm-lhs-parsed__nbe-0p005__nbmin-0p1__lex-from-prev__ls-0p001__04_BGG4.mll.out	-8.651791
stages_bg_stages_merged_min2_BGG1_BGG2_BGG3_BGG4__ps-0p2__bias-0p1__cb-0p1__nbm-lhs-parsed__nbe-0p005__nbmin-0p1__lex-from-prev__ls-0p01__04_BGG4.mll.out	-8.641219
stages_bg_stages_merged_min2_BGG1_BGG2_BGG3_BGG4__ps-0p2__bias-0p1__cb-0p1__nbm-lhs-parsed__nbe-0p005__nbmin-0p1__lex-from-prev__ls-0p0__04_BGG4.mll.out	-8.654426
stages_bg_stages_merged_min2_BGG1_BGG2_BGG3_BGG4__ps-0p2__bias-0p1__cb-0p1__nbm-lhs-parsed__nbe-0p005__nbmin-0p1__lex-from-prev__ls-0p1__04_BGG4.mll.out	-8.634628
stages_bg_stages_merged_min2_BGG1_BGG2_BGG3_BGG4__ps-0p2__bias-0p1__cb-0p1__nbm-lhs-parsed__nbe-0p01__nbmin-0p1__lex-from-prev__ls-0p001__04_BGG4.mll.out	-8.650733
stages_bg_stages_merged_min2_BGG1_BGG2_BGG3_BGG4__ps-0p2__bias-0p1__cb-0p1__nbm-lhs-parsed__nbe-0p01__nbmin-0p1__lex-from-prev__ls-0p01__04_BGG4.mll.out	-8.640002
stages_bg_stages_merged_min2_BGG1_BGG2_BGG3_BGG4__ps-0p2__bias-0p1__cb-0p1__nbm-lhs-parsed__nbe-0p01__nbmin-0p1__lex-from-prev__ls-0p0__04_BGG4.mll.out	-8.652870
stages_bg_stages_merged_min2_BGG1_BGG2_BGG3_BGG4__ps-0p2__bias-0p1__cb-0p1__nbm-lhs-parsed__nbe-0p01__nbmin-0p1__lex-from-prev__ls-0p1__04_BGG4.mll.out	-8.633164
stages_bg_stages_merged_min2_BGG1_BGG2_BGG3_BGG4__ps-0p2__bias-0p1__cb-0p1__nbm-lhs-parsed__nbe-0p05__nbmin-0p1__lex-from-prev__ls-0p001__04_BGG4.mll.out	-8.646844
stages_bg_stages_merged_min2_BGG1_BGG2_BGG3_BGG4__ps-0p2__bias-0p1__cb-0p1__nbm-lhs-parsed__nbe-0p05__nbmin-0p1__lex-from-prev__ls-0p01__04_BGG4.mll.out	-8.635932
stages_bg_stages_merged_min2_BGG1_BGG2_BGG3_BGG4__ps-0p2__bias-0p1__cb-0p1__nbm-lhs-parsed__nbe-0p05__nbmin-0p1__lex-from-prev__ls-0p0__04_BGG4.mll.out	-8.649210
stages_bg_stages_merged_min2_BGG1_BGG2_BGG3_BGG4__ps-0p2__bias-0p1__cb-0p1__nbm-lhs-parsed__nbe-0p05__nbmin-0p1__lex-from-prev__ls-0p1__04_BGG4.mll.out	-8.627528
stages_bg_stages_merged_min2_BGI1_BGI2_BGI3_BGI4__ps-0p001__bias-0p1__cb-0p1__nbm-lhs-parsed__nbe-0p001__nbmin-0p1__lex-from-prev__ls-0p001__04_BGI4.mll.out	-8.680172
stages_bg_stages_merged_min2_BGI1_BGI2_BGI3_BGI4__ps-0p001__bias-0p1__cb-0p1__nbm-lhs-parsed__nbe-0p001__nbmin-0p1__lex-from-prev__ls-0p01__04_BGI4.mll.out	-8.681860
stages_bg_stages_merged_min2_BGI1_BGI2_BGI3_BGI4__ps-0p001__bias-0p1__cb-0p1__nbm-lhs-parsed__nbe-0p001__nbmin-0p1__lex-from-prev__ls-0p0__04_BGI4.mll.out	-8.684565
stages_bg_stages_merged_min2_BGI1_BGI2_BGI3_BGI4__ps-0p001__bias-0p1__cb-0p1__nbm-lhs-parsed__nbe-0p005__nbmin-0p1__lex-from-prev__ls-0p01__04_BGI4.mll.out	-8.681862
stages_bg_stages_merged_min2_BGI1_BGI2_BGI3_BGI4__ps-0p001__bias-0p1__cb-0p1__nbm-lhs-parsed__nbe-0p005__nbmin-0p1__lex-from-prev__ls-0p0__04_BGI4.mll.out	-8.684580
stages_bg_stages_merged_min2_BGI1_BGI2_BGI3_BGI4__ps-0p001__bias-0p1__cb-0p1__nbm-lhs-parsed__nbe-0p01__nbmin-0p1__lex-from-prev__ls-0p01__04_BGI4.mll.out	-8.681872
stages_bg_stages_merged_min2_BGI1_BGI2_BGI3_BGI4__ps-0p001__bias-0p1__cb-0p1__nbm-lhs-parsed__nbe-0p01__nbmin-0p1__lex-from-prev__ls-0p0__04_BGI4.mll.out	-8.684574
stages_bg_stages_merged_min2_BGI1_BGI2_BGI3_BGI4__ps-0p001__bias-0p1__cb-0p1__nbm-lhs-parsed__nbe-0p05__nbmin-0p1__lex-from-prev__ls-0p01__04_BGI4.mll.out	-8.681718
stages_bg_stages_merged_min2_BGI1_BGI2_BGI3_BGI4__ps-0p001__bias-0p1__cb-0p1__nbm-lhs-parsed__nbe-0p05__nbmin-0p1__lex-from-prev__ls-0p0__04_BGI4.mll.out	-8.684512
stages_bg_stages_merged_min2_BGI1_BGI2_BGI3_BGI4__ps-0p005__bias-0p1__cb-0p1__nbm-lhs-parsed__nbe-0p001__nbmin-0p1__lex-from-prev__ls-0p01__04_BGI4.mll.out	-8.681748
stages_bg_stages_merged_min2_BGI1_BGI2_BGI3_BGI4__ps-0p005__bias-0p1__cb-0p1__nbm-lhs-parsed__nbe-0p001__nbmin-0p1__lex-from-prev__ls-0p0__04_BGI4.mll.out	-8.684309
stages_bg_stages_merged_min2_BGI1_BGI2_BGI3_BGI4__ps-0p005__bias-0p1__cb-0p1__nbm-lhs-parsed__nbe-0p005__nbmin-0p1__lex-from-prev__ls-0p01__04_BGI4.mll.out	-8.681749
stages_bg_stages_merged_min2_BGI1_BGI2_BGI3_BGI4__ps-0p005__bias-0p1__cb-0p1__nbm-lhs-parsed__nbe-0p005__nbmin-0p1__lex-from-prev__ls-0p0__04_BGI4.mll.out	-8.684271
stages_bg_stages_merged_min2_BGI1_BGI2_BGI3_BGI4__ps-0p005__bias-0p1__cb-0p1__nbm-lhs-parsed__nbe-0p01__nbmin-0p1__lex-from-prev__ls-0p01__04_BGI4.mll.out	-8.681592
stages_bg_stages_merged_min2_BGI1_BGI2_BGI3_BGI4__ps-0p005__bias-0p1__cb-0p1__nbm-lhs-parsed__nbe-0p01__nbmin-0p1__lex-from-prev__ls-0p0__04_BGI4.mll.out	-8.684203
stages_bg_stages_merged_min2_BGI1_BGI2_BGI3_BGI4__ps-0p005__bias-0p1__cb-0p1__nbm-lhs-parsed__nbe-0p05__nbmin-0p1__lex-from-prev__ls-0p01__04_BGI4.mll.out	-8.680297
stages_bg_stages_merged_min2_BGI1_BGI2_BGI3_BGI4__ps-0p005__bias-0p1__cb-0p1__nbm-lhs-parsed__nbe-0p05__nbmin-0p1__lex-from-prev__ls-0p0__04_BGI4.mll.out	-8.683768
stages_bg_stages_merged_min2_BGI1_BGI2_BGI3_BGI4__ps-0p01__bias-0p1__cb-0p1__nbm-lhs-parsed__nbe-0p001__nbmin-0p1__lex-from-prev__ls-0p001__04_BGI4.mll.out	-8.678740
stages_bg_stages_merged_min2_BGI1_BGI2_BGI3_BGI4__ps-0p01__bias-0p1__cb-0p1__nbm-lhs-parsed__nbe-0p001__nbmin-0p1__lex-from-prev__ls-0p01__04_BGI4.mll.out	-8.681494
stages_bg_stages_merged_min2_BGI1_BGI2_BGI3_BGI4__ps-0p01__bias-0p1__cb-0p1__nbm-lhs-parsed__nbe-0p001__nbmin-0p1__lex-from-prev__ls-0p0__04_BGI4.mll.out	-8.683471
stages_bg_stages_merged_min2_BGI1_BGI2_BGI3_BGI4__ps-0p01__bias-0p1__cb-0p1__nbm-lhs-parsed__nbe-0p005__nbmin-0p1__lex-from-prev__ls-0p001__04_BGI4.mll.out	-8.678524
stages_bg_stages_merged_min2_BGI1_BGI2_BGI3_BGI4__ps-0p01__bias-0p1__cb-0p1__nbm-lhs-parsed__nbe-0p005__nbmin-0p1__lex-from-prev__ls-0p01__04_BGI4.mll.out	-8.681189
stages_bg_stages_merged_min2_BGI1_BGI2_BGI3_BGI4__ps-0p01__bias-0p1__cb-0p1__nbm-lhs-parsed__nbe-0p005__nbmin-0p1__lex-from-prev__ls-0p0__04_BGI4.mll.out	-8.683241
stages_bg_stages_merged_min2_BGI1_BGI2_BGI3_BGI4__ps-0p01__bias-0p1__cb-0p1__nbm-lhs-parsed__nbe-0p01__nbmin-0p1__lex-from-prev__ls-0p001__04_BGI4.mll.out	-8.678414
stages_bg_stages_merged_min2_BGI1_BGI2_BGI3_BGI4__ps-0p01__bias-0p1__cb-0p1__nbm-lhs-parsed__nbe-0p01__nbmin-0p1__lex-from-prev__ls-0p01__04_BGI4.mll.out	-8.680613
stages_bg_stages_merged_min2_BGI1_BGI2_BGI3_BGI4__ps-0p01__bias-0p1__cb-0p1__nbm-lhs-parsed__nbe-0p01__nbmin-0p1__lex-from-prev__ls-0p0__04_BGI4.mll.out	-8.683127
stages_bg_stages_merged_min2_BGI1_BGI2_BGI3_BGI4__ps-0p01__bias-0p1__cb-0p1__nbm-lhs-parsed__nbe-0p05__nbmin-0p1__lex-from-prev__ls-0p001__04_BGI4.mll.out	-8.677791
stages_bg_stages_merged_min2_BGI1_BGI2_BGI3_BGI4__ps-0p01__bias-0p1__cb-0p1__nbm-lhs-parsed__nbe-0p05__nbmin-0p1__lex-from-prev__ls-0p01__04_BGI4.mll.out	-8.679399
stages_bg_stages_merged_min2_BGI1_BGI2_BGI3_BGI4__ps-0p01__bias-0p1__cb-0p1__nbm-lhs-parsed__nbe-0p05__nbmin-0p1__lex-from-prev__ls-0p0__04_BGI4.mll.out	-8.682463
stages_bg_stages_merged_min2_BGI1_BGI2_BGI3_BGI4__ps-0p05__bias-0p1__cb-0p1__nbm-lhs-parsed__nbe-0p001__nbmin-0p1__lex-from-prev__ls-0p001__04_BGI4.mll.out	-8.674588
stages_bg_stages_merged_min2_BGI1_BGI2_BGI3_BGI4__ps-0p05__bias-0p1__cb-0p1__nbm-lhs-parsed__nbe-0p001__nbmin-0p1__lex-from-prev__ls-0p01__04_BGI4.mll.out	-8.675937
stages_bg_stages_merged_min2_BGI1_BGI2_BGI3_BGI4__ps-0p05__bias-0p1__cb-0p1__nbm-lhs-parsed__nbe-0p001__nbmin-0p1__lex-from-prev__ls-0p0__04_BGI4.mll.out	-8.679414
stages_bg_stages_merged_min2_BGI1_BGI2_BGI3_BGI4__ps-0p05__bias-0p1__cb-0p1__nbm-lhs-parsed__nbe-0p001__nbmin-0p1__lex-from-prev__ls-0p1__04_BGI4.mll.out	-8.688961
stages_bg_stages_merged_min2_BGI1_BGI2_BGI3_BGI4__ps-0p05__bias-0p1__cb-0p1__nbm-lhs-parsed__nbe-0p005__nbmin-0p1__lex-from-prev__ls-0p001__04_BGI4.mll.out	-8.674037
stages_bg_stages_merged_min2_BGI1_BGI2_BGI3_BGI4__ps-0p05__bias-0p1__cb-0p1__nbm-lhs-parsed__nbe-0p005__nbmin-0p1__lex-from-prev__ls-0p01__04_BGI4.mll.out	-8.674635
stages_bg_stages_merged_min2_BGI1_BGI2_BGI3_BGI4__ps-0p05__bias-0p1__cb-0p1__nbm-lhs-parsed__nbe-0p005__nbmin-0p1__lex-from-prev__ls-0p0__04_BGI4.mll.out	-8.678904
stages_bg_stages_merged_min2_BGI1_BGI2_BGI3_BGI4__ps-0p05__bias-0p1__cb-0p1__nbm-lhs-parsed__nbe-0p005__nbmin-0p1__lex-from-prev__ls-0p1__04_BGI4.mll.out	-8.687609
stages_bg_stages_merged_min2_BGI1_BGI2_BGI3_BGI4__ps-0p05__bias-0p1__cb-0p1__nbm-lhs-parsed__nbe-0p01__nbmin-0p1__lex-from-prev__ls-0p001__04_BGI4.mll.out	-8.673634
stages_bg_stages_merged_min2_BGI1_BGI2_BGI3_BGI4__ps-0p05__bias-0p1__cb-0p1__nbm-lhs-parsed__nbe-0p01__nbmin-0p1__lex-from-prev__ls-0p01__04_BGI4.mll.out	-8.674037
stages_bg_stages_merged_min2_BGI1_BGI2_BGI3_BGI4__ps-0p05__bias-0p1__cb-0p1__nbm-lhs-parsed__nbe-0p01__nbmin-0p1__lex-from-prev__ls-0p0__04_BGI4.mll.out	-8.678462
stages_bg_stages_merged_min2_BGI1_BGI2_BGI3_BGI4__ps-0p05__bias-0p1__cb-0p1__nbm-lhs-parsed__nbe-0p01__nbmin-0p1__lex-from-prev__ls-0p1__04_BGI4.mll.out	-8.686924
stages_bg_stages_merged_min2_BGI1_BGI2_BGI3_BGI4__ps-0p05__bias-0p1__cb-0p1__nbm-lhs-parsed__nbe-0p05__nbmin-0p1__lex-from-prev__ls-0p001__04_BGI4.mll.out	-8.672068
stages_bg_stages_merged_min2_BGI1_BGI2_BGI3_BGI4__ps-0p05__bias-0p1__cb-0p1__nbm-lhs-parsed__nbe-0p05__nbmin-0p1__lex-from-prev__ls-0p01__04_BGI4.mll.out	-8.672131
stages_bg_stages_merged_min2_BGI1_BGI2_BGI3_BGI4__ps-0p05__bias-0p1__cb-0p1__nbm-lhs-parsed__nbe-0p05__nbmin-0p1__lex-from-prev__ls-0p0__04_BGI4.mll.out	-8.676778
stages_bg_stages_merged_min2_BGI1_BGI2_BGI3_BGI4__ps-0p05__bias-0p1__cb-0p1__nbm-lhs-parsed__nbe-0p05__nbmin-0p1__lex-from-prev__ls-0p1__04_BGI4.mll.out	-8.684401
stages_bg_stages_merged_min2_BGI1_BGI2_BGI3_BGI4__ps-0p1__bias-0p1__cb-0p1__nbm-lhs-parsed__nbe-0p001__nbmin-0p1__lex-from-prev__ls-0p001__04_BGI4.mll.out	-8.671350
stages_bg_stages_merged_min2_BGI1_BGI2_BGI3_BGI4__ps-0p1__bias-0p1__cb-0p1__nbm-lhs-parsed__nbe-0p001__nbmin-0p1__lex-from-prev__ls-0p01__04_BGI4.mll.out	-8.672383
stages_bg_stages_merged_min2_BGI1_BGI2_BGI3_BGI4__ps-0p1__bias-0p1__cb-0p1__nbm-lhs-parsed__nbe-0p001__nbmin-0p1__lex-from-prev__ls-0p0__04_BGI4.mll.out	-8.676476
stages_bg_stages_merged_min2_BGI1_BGI2_BGI3_BGI4__ps-0p1__bias-0p1__cb-0p1__nbm-lhs-parsed__nbe-0p001__nbmin-0p1__lex-from-prev__ls-0p1__04_BGI4.mll.out	-8.684569
stages_bg_stages_merged_min2_BGI1_BGI2_BGI3_BGI4__ps-0p1__bias-0p1__cb-0p1__nbm-lhs-parsed__nbe-0p005__nbmin-0p1__lex-from-prev__ls-0p001__04_BGI4.mll.out	-8.670371
stages_bg_stages_merged_min2_BGI1_BGI2_BGI3_BGI4__ps-0p1__bias-0p1__cb-0p1__nbm-lhs-parsed__nbe-0p005__nbmin-0p1__lex-from-prev__ls-0p01__04_BGI4.mll.out	-8.670970
stages_bg_stages_merged_min2_BGI1_BGI2_BGI3_BGI4__ps-0p1__bias-0p1__cb-0p1__nbm-lhs-parsed__nbe-0p005__nbmin-0p1__lex-from-prev__ls-0p0__04_BGI4.mll.out	-8.675532
stages_bg_stages_merged_min2_BGI1_BGI2_BGI3_BGI4__ps-0p1__bias-0p1__cb-0p1__nbm-lhs-parsed__nbe-0p005__nbmin-0p1__lex-from-prev__ls-0p1__04_BGI4.mll.out	-8.683072
stages_bg_stages_merged_min2_BGI1_BGI2_BGI3_BGI4__ps-0p1__bias-0p1__cb-0p1__nbm-lhs-parsed__nbe-0p01__nbmin-0p1__lex-from-prev__ls-0p001__04_BGI4.mll.out	-8.669650
stages_bg_stages_merged_min2_BGI1_BGI2_BGI3_BGI4__ps-0p1__bias-0p1__cb-0p1__nbm-lhs-parsed__nbe-0p01__nbmin-0p1__lex-from-prev__ls-0p01__04_BGI4.mll.out	-8.670101
stages_bg_stages_merged_min2_BGI1_BGI2_BGI3_BGI4__ps-0p1__bias-0p1__cb-0p1__nbm-lhs-parsed__nbe-0p01__nbmin-0p1__lex-from-prev__ls-0p0__04_BGI4.mll.out	-8.674721
stages_bg_stages_merged_min2_BGI1_BGI2_BGI3_BGI4__ps-0p1__bias-0p1__cb-0p1__nbm-lhs-parsed__nbe-0p01__nbmin-0p1__lex-from-prev__ls-0p1__04_BGI4.mll.out	-8.682100
stages_bg_stages_merged_min2_BGI1_BGI2_BGI3_BGI4__ps-0p1__bias-0p1__cb-0p1__nbm-lhs-parsed__nbe-0p05__nbmin-0p1__lex-from-prev__ls-0p001__04_BGI4.mll.out	-8.667060
stages_bg_stages_merged_min2_BGI1_BGI2_BGI3_BGI4__ps-0p1__bias-0p1__cb-0p1__nbm-lhs-parsed__nbe-0p05__nbmin-0p1__lex-from-prev__ls-0p01__04_BGI4.mll.out	-8.667062
stages_bg_stages_merged_min2_BGI1_BGI2_BGI3_BGI4__ps-0p1__bias-0p1__cb-0p1__nbm-lhs-parsed__nbe-0p05__nbmin-0p1__lex-from-prev__ls-0p0__04_BGI4.mll.out	-8.670933
stages_bg_stages_merged_min2_BGI1_BGI2_BGI3_BGI4__ps-0p1__bias-0p1__cb-0p1__nbm-lhs-parsed__nbe-0p05__nbmin-0p1__lex-from-prev__ls-0p1__04_BGI4.mll.out	-8.678921
stages_bg_stages_merged_min2_BGI1_BGI2_BGI3_BGI4__ps-0p2__bias-0p1__cb-0p1__nbm-lhs-parsed__nbe-0p001__nbmin-0p1__lex-from-prev__ls-0p001__04_BGI4.mll.out	-8.664172
stages_bg_stages_merged_min2_BGI1_BGI2_BGI3_BGI4__ps-0p2__bias-0p1__cb-0p1__nbm-lhs-parsed__nbe-0p001__nbmin-0p1__lex-from-prev__ls-0p01__04_BGI4.mll.out	-8.664232
stages_bg_stages_merged_min2_BGI1_BGI2_BGI3_BGI4__ps-0p2__bias-0p1__cb-0p1__nbm-lhs-parsed__nbe-0p001__nbmin-0p1__lex-from-prev__ls-0p0__04_BGI4.mll.out	-8.669725
stages_bg_stages_merged_min2_BGI1_BGI2_BGI3_BGI4__ps-0p2__bias-0p1__cb-0p1__nbm-lhs-parsed__nbe-0p001__nbmin-0p1__lex-from-prev__ls-0p1__04_BGI4.mll.out	-8.675105
stages_bg_stages_merged_min2_BGI1_BGI2_BGI3_BGI4__ps-0p2__bias-0p1__cb-0p1__nbm-lhs-parsed__nbe-0p005__nbmin-0p1__lex-from-prev__ls-0p001__04_BGI4.mll.out	-8.662310
stages_bg_stages_merged_min2_BGI1_BGI2_BGI3_BGI4__ps-0p2__bias-0p1__cb-0p1__nbm-lhs-parsed__nbe-0p005__nbmin-0p1__lex-from-prev__ls-0p01__04_BGI4.mll.out	-8.662363
stages_bg_stages_merged_min2_BGI1_BGI2_BGI3_BGI4__ps-0p2__bias-0p1__cb-0p1__nbm-lhs-parsed__nbe-0p005__nbmin-0p1__lex-from-prev__ls-0p0__04_BGI4.mll.out	-8.667890
stages_bg_stages_merged_min2_BGI1_BGI2_BGI3_BGI4__ps-0p2__bias-0p1__cb-0p1__nbm-lhs-parsed__nbe-0p005__nbmin-0p1__lex-from-prev__ls-0p1__04_BGI4.mll.out	-8.673059
stages_bg_stages_merged_min2_BGI1_BGI2_BGI3_BGI4__ps-0p2__bias-0p1__cb-0p1__nbm-lhs-parsed__nbe-0p01__nbmin-0p1__lex-from-prev__ls-0p001__04_BGI4.mll.out	-8.660998
stages_bg_stages_merged_min2_BGI1_BGI2_BGI3_BGI4__ps-0p2__bias-0p1__cb-0p1__nbm-lhs-parsed__nbe-0p01__nbmin-0p1__lex-from-prev__ls-0p01__04_BGI4.mll.out	-8.660995
stages_bg_stages_merged_min2_BGI1_BGI2_BGI3_BGI4__ps-0p2__bias-0p1__cb-0p1__nbm-lhs-parsed__nbe-0p01__nbmin-0p1__lex-from-prev__ls-0p0__04_BGI4.mll.out	-8.666540
stages_bg_stages_merged_min2_BGI1_BGI2_BGI3_BGI4__ps-0p2__bias-0p1__cb-0p1__nbm-lhs-parsed__nbe-0p01__nbmin-0p1__lex-from-prev__ls-0p1__04_BGI4.mll.out	-8.671669
stages_bg_stages_merged_min2_BGI1_BGI2_BGI3_BGI4__ps-0p2__bias-0p1__cb-0p1__nbm-lhs-parsed__nbe-0p05__nbmin-0p1__lex-from-prev__ls-0p001__04_BGI4.mll.out	-8.656345
stages_bg_stages_merged_min2_BGI1_BGI2_BGI3_BGI4__ps-0p2__bias-0p1__cb-0p1__nbm-lhs-parsed__nbe-0p05__nbmin-0p1__lex-from-prev__ls-0p01__04_BGI4.mll.out	-8.657335
stages_bg_stages_merged_min2_BGI1_BGI2_BGI3_BGI4__ps-0p2__bias-0p1__cb-0p1__nbm-lhs-parsed__nbe-0p05__nbmin-0p1__lex-from-prev__ls-0p0__04_BGI4.mll.out	-8.661803
stages_bg_stages_merged_min2_BGI1_BGI2_BGI3_BGI4__ps-0p2__bias-0p1__cb-0p1__nbm-lhs-parsed__nbe-0p05__nbmin-0p1__lex-from-prev__ls-0p1__04_BGI4.mll.out	-8.668264
stages_bg_stages_merged_min2_BGMMM1_BGMMM2_BGMMM3_BGMMM4_BGMMM5__ps-0p001__bias-0p1__cb-0p1__nbm-lhs-parsed__nbe-0p001__nbmin-0p1__lex-from-prev__ls-0p001__05_BGMMM5.mll.out	-8.686652
stages_bg_stages_merged_min2_BGMMM1_BGMMM2_BGMMM3_BGMMM4_BGMMM5__ps-0p001__bias-0p1__cb-0p1__nbm-lhs-parsed__nbe-0p001__nbmin-0p1__lex-from-prev__ls-0p01__05_BGMMM5.mll.out	-8.679396
stages_bg_stages_merged_min2_BGMMM1_BGMMM2_BGMMM3_BGMMM4_BGMMM5__ps-0p001__bias-0p1__cb-0p1__nbm-lhs-parsed__nbe-0p001__nbmin-0p1__lex-from-prev__ls-0p0__05_BGMMM5.mll.out	-8.684373
stages_bg_stages_merged_min2_BGMMM1_BGMMM2_BGMMM3_BGMMM4_BGMMM5__ps-0p001__bias-0p1__cb-0p1__nbm-lhs-parsed__nbe-0p005__nbmin-0p1__lex-from-prev__ls-0p01__05_BGMMM5.mll.out	-8.679396
stages_bg_stages_merged_min2_BGMMM1_BGMMM2_BGMMM3_BGMMM4_BGMMM5__ps-0p001__bias-0p1__cb-0p1__nbm-lhs-parsed__nbe-0p005__nbmin-0p1__lex-from-prev__ls-0p0__05_BGMMM5.mll.out	-8.684373
stages_bg_stages_merged_min2_BGMMM1_BGMMM2_BGMMM3_BGMMM4_BGMMM5__ps-0p001__bias-0p1__cb-0p1__nbm-lhs-parsed__nbe-0p01__nbmin-0p1__lex-from-prev__ls-0p01__05_BGMMM5.mll.out	-8.679397
stages_bg_stages_merged_min2_BGMMM1_BGMMM2_BGMMM3_BGMMM4_BGMMM5__ps-0p001__bias-0p1__cb-0p1__nbm-lhs-parsed__nbe-0p01__nbmin-0p1__lex-from-prev__ls-0p0__05_BGMMM5.mll.out	-8.684374
stages_bg_stages_merged_min2_BGMMM1_BGMMM2_BGMMM3_BGMMM4_BGMMM5__ps-0p001__bias-0p1__cb-0p1__nbm-lhs-parsed__nbe-0p05__nbmin-0p1__lex-from-prev__ls-0p01__05_BGMMM5.mll.out	-8.679410
stages_bg_stages_merged_min2_BGMMM1_BGMMM2_BGMMM3_BGMMM4_BGMMM5__ps-0p001__bias-0p1__cb-0p1__nbm-lhs-parsed__nbe-0p05__nbmin-0p1__lex-from-prev__ls-0p0__05_BGMMM5.mll.out	-8.684391
stages_bg_stages_merged_min2_BGMMM1_BGMMM2_BGMMM3_BGMMM4_BGMMM5__ps-0p005__bias-0p1__cb-0p1__nbm-lhs-parsed__nbe-0p001__nbmin-0p1__lex-from-prev__ls-0p01__05_BGMMM5.mll.out	-8.678546
stages_bg_stages_merged_min2_BGMMM1_BGMMM2_BGMMM3_BGMMM4_BGMMM5__ps-0p005__bias-0p1__cb-0p1__nbm-lhs-parsed__nbe-0p001__nbmin-0p1__lex-from-prev__ls-0p0__05_BGMMM5.mll.out	-8.683492
stages_bg_stages_merged_min2_BGMMM1_BGMMM2_BGMMM3_BGMMM4_BGMMM5__ps-0p005__bias-0p1__cb-0p1__nbm-lhs-parsed__nbe-0p005__nbmin-0p1__lex-from-prev__ls-0p01__05_BGMMM5.mll.out	-8.678562
stages_bg_stages_merged_min2_BGMMM1_BGMMM2_BGMMM3_BGMMM4_BGMMM5__ps-0p005__bias-0p1__cb-0p1__nbm-lhs-parsed__nbe-0p005__nbmin-0p1__lex-from-prev__ls-0p0__05_BGMMM5.mll.out	-8.683507
stages_bg_stages_merged_min2_BGMMM1_BGMMM2_BGMMM3_BGMMM4_BGMMM5__ps-0p005__bias-0p1__cb-0p1__nbm-lhs-parsed__nbe-0p01__nbmin-0p1__lex-from-prev__ls-0p01__05_BGMMM5.mll.out	-8.678554
stages_bg_stages_merged_min2_BGMMM1_BGMMM2_BGMMM3_BGMMM4_BGMMM5__ps-0p005__bias-0p1__cb-0p1__nbm-lhs-parsed__nbe-0p01__nbmin-0p1__lex-from-prev__ls-0p0__05_BGMMM5.mll.out	-8.683501
stages_bg_stages_merged_min2_BGMMM1_BGMMM2_BGMMM3_BGMMM4_BGMMM5__ps-0p005__bias-0p1__cb-0p1__nbm-lhs-parsed__nbe-0p05__nbmin-0p1__lex-from-prev__ls-0p01__05_BGMMM5.mll.out	-8.678400
stages_bg_stages_merged_min2_BGMMM1_BGMMM2_BGMMM3_BGMMM4_BGMMM5__ps-0p005__bias-0p1__cb-0p1__nbm-lhs-parsed__nbe-0p05__nbmin-0p1__lex-from-prev__ls-0p0__05_BGMMM5.mll.out	-8.683369
stages_bg_stages_merged_min2_BGMMM1_BGMMM2_BGMMM3_BGMMM4_BGMMM5__ps-0p01__bias-0p1__cb-0p1__nbm-lhs-parsed__nbe-0p001__nbmin-0p1__lex-from-prev__ls-0p001__05_BGMMM5.mll.out	-8.685167
stages_bg_stages_merged_min2_BGMMM1_BGMMM2_BGMMM3_BGMMM4_BGMMM5__ps-0p01__bias-0p1__cb-0p1__nbm-lhs-parsed__nbe-0p001__nbmin-0p1__lex-from-prev__ls-0p01__05_BGMMM5.mll.out	-8.677620
stages_bg_stages_merged_min2_BGMMM1_BGMMM2_BGMMM3_BGMMM4_BGMMM5__ps-0p01__bias-0p1__cb-0p1__nbm-lhs-parsed__nbe-0p001__nbmin-0p1__lex-from-prev__ls-0p0__05_BGMMM5.mll.out	-8.682681
stages_bg_stages_merged_min2_BGMMM1_BGMMM2_BGMMM3_BGMMM4_BGMMM5__ps-0p01__bias-0p1__cb-0p1__nbm-lhs-parsed__nbe-0p005__nbmin-0p1__lex-from-prev__ls-0p001__05_BGMMM5.mll.out	-8.685162
stages_bg_stages_merged_min2_BGMMM1_BGMMM2_BGMMM3_BGMMM4_BGMMM5__ps-0p01__bias-0p1__cb-0p1__nbm-lhs-parsed__nbe-0p005__nbmin-0p1__lex-from-prev__ls-0p01__05_BGMMM5.mll.out	-8.677618
stages_bg_stages_merged_min2_BGMMM1_BGMMM2_BGMMM3_BGMMM4_BGMMM5__ps-0p01__bias-0p1__cb-0p1__nbm-lhs-parsed__nbe-0p005__nbmin-0p1__lex-from-prev__ls-0p0__05_BGMMM5.mll.out	-8.682677
stages_bg_stages_merged_min2_BGMMM1_BGMMM2_BGMMM3_BGMMM4_BGMMM5__ps-0p01__bias-0p1__cb-0p1__nbm-lhs-parsed__nbe-0p01__nbmin-0p1__lex-from-prev__ls-0p001__05_BGMMM5.mll.out	-8.685106
stages_bg_stages_merged_min2_BGMMM1_BGMMM2_BGMMM3_BGMMM4_BGMMM5__ps-0p01__bias-0p1__cb-0p1__nbm-lhs-parsed__nbe-0p01__nbmin-0p1__lex-from-prev__ls-0p01__05_BGMMM5.mll.out	-8.677564
stages_bg_stages_merged_min2_BGMMM1_BGMMM2_BGMMM3_BGMMM4_BGMMM5__ps-0p01__bias-0p1__cb-0p1__nbm-lhs-parsed__nbe-0p01__nbmin-0p1__lex-from-prev__ls-0p0__05_BGMMM5.mll.out	-8.682623
stages_bg_stages_merged_min2_BGMMM1_BGMMM2_BGMMM3_BGMMM4_BGMMM5__ps-0p01__bias-0p1__cb-0p1__nbm-lhs-parsed__nbe-0p05__nbmin-0p1__lex-from-prev__ls-0p001__05_BGMMM5.mll.out	-8.684765
stages_bg_stages_merged_min2_BGMMM1_BGMMM2_BGMMM3_BGMMM4_BGMMM5__ps-0p01__bias-0p1__cb-0p1__nbm-lhs-parsed__nbe-0p05__nbmin-0p1__lex-from-prev__ls-0p01__05_BGMMM5.mll.out	-8.677236
stages_bg_stages_merged_min2_BGMMM1_BGMMM2_BGMMM3_BGMMM4_BGMMM5__ps-0p01__bias-0p1__cb-0p1__nbm-lhs-parsed__nbe-0p05__nbmin-0p1__lex-from-prev__ls-0p0__05_BGMMM5.mll.out	-8.682336
stages_bg_stages_merged_min2_BGMMM1_BGMMM2_BGMMM3_BGMMM4_BGMMM5__ps-0p05__bias-0p1__cb-0p1__nbm-lhs-parsed__nbe-0p001__nbmin-0p1__lex-from-prev__ls-0p001__05_BGMMM5.mll.out	-8.678456
stages_bg_stages_merged_min2_BGMMM1_BGMMM2_BGMMM3_BGMMM4_BGMMM5__ps-0p05__bias-0p1__cb-0p1__nbm-lhs-parsed__nbe-0p001__nbmin-0p1__lex-from-prev__ls-0p01__05_BGMMM5.mll.out	-8.670610
stages_bg_stages_merged_min2_BGMMM1_BGMMM2_BGMMM3_BGMMM4_BGMMM5__ps-0p05__bias-0p1__cb-0p1__nbm-lhs-parsed__nbe-0p001__nbmin-0p1__lex-from-prev__ls-0p0__05_BGMMM5.mll.out	-8.676461
stages_bg_stages_merged_min2_BGMMM1_BGMMM2_BGMMM3_BGMMM4_BGMMM5__ps-0p05__bias-0p1__cb-0p1__nbm-lhs-parsed__nbe-0p001__nbmin-0p1__lex-from-prev__ls-0p1__05_BGMMM5.mll.out	-8.660538
stages_bg_stages_merged_min2_BGMMM1_BGMMM2_BGMMM3_BGMMM4_BGMMM5__ps-0p05__bias-0p1__cb-0p1__nbm-lhs-parsed__nbe-0p005__nbmin-0p1__lex-from-prev__ls-0p001__05_BGMMM5.mll.out	-8.678237
stages_bg_stages_merged_min2_BGMMM1_BGMMM2_BGMMM3_BGMMM4_BGMMM5__ps-0p05__bias-0p1__cb-0p1__nbm-lhs-parsed__nbe-0p005__nbmin-0p1__lex-from-prev__ls-0p01__05_BGMMM5.mll.out	-8.670411
stages_bg_stages_merged_min2_BGMMM1_BGMMM2_BGMMM3_BGMMM4_BGMMM5__ps-0p05__bias-0p1__cb-0p1__nbm-lhs-parsed__nbe-0p005__nbmin-0p1__lex-from-prev__ls-0p0__05_BGMMM5.mll.out	-8.676228
stages_bg_stages_merged_min2_BGMMM1_BGMMM2_BGMMM3_BGMMM4_BGMMM5__ps-0p05__bias-0p1__cb-0p1__nbm-lhs-parsed__nbe-0p005__nbmin-0p1__lex-from-prev__ls-0p1__05_BGMMM5.mll.out	-8.660325
stages_bg_stages_merged_min2_BGMMM1_BGMMM2_BGMMM3_BGMMM4_BGMMM5__ps-0p05__bias-0p1__cb-0p1__nbm-lhs-parsed__nbe-0p01__nbmin-0p1__lex-from-prev__ls-0p001__05_BGMMM5.mll.out	-8.677975
stages_bg_stages_merged_min2_BGMMM1_BGMMM2_BGMMM3_BGMMM4_BGMMM5__ps-0p05__bias-0p1__cb-0p1__nbm-lhs-parsed__nbe-0p01__nbmin-0p1__lex-from-prev__ls-0p01__05_BGMMM5.mll.out	-8.670135
stages_bg_stages_merged_min2_BGMMM1_BGMMM2_BGMMM3_BGMMM4_BGMMM5__ps-0p05__bias-0p1__cb-0p1__nbm-lhs-parsed__nbe-0p01__nbmin-0p1__lex-from-prev__ls-0p0__05_BGMMM5.mll.out	-8.675974
stages_bg_stages_merged_min2_BGMMM1_BGMMM2_BGMMM3_BGMMM4_BGMMM5__ps-0p05__bias-0p1__cb-0p1__nbm-lhs-parsed__nbe-0p01__nbmin-0p1__lex-from-prev__ls-0p1__05_BGMMM5.mll.out	-8.660094
stages_bg_stages_merged_min2_BGMMM1_BGMMM2_BGMMM3_BGMMM4_BGMMM5__ps-0p05__bias-0p1__cb-0p1__nbm-lhs-parsed__nbe-0p05__nbmin-0p1__lex-from-prev__ls-0p001__05_BGMMM5.mll.out	-8.676915
stages_bg_stages_merged_min2_BGMMM1_BGMMM2_BGMMM3_BGMMM4_BGMMM5__ps-0p05__bias-0p1__cb-0p1__nbm-lhs-parsed__nbe-0p05__nbmin-0p1__lex-from-prev__ls-0p01__05_BGMMM5.mll.out	-8.669070
stages_bg_stages_merged_min2_BGMMM1_BGMMM2_BGMMM3_BGMMM4_BGMMM5__ps-0p05__bias-0p1__cb-0p1__nbm-lhs-parsed__nbe-0p05__nbmin-0p1__lex-from-prev__ls-0p0__05_BGMMM5.mll.out	-8.674757
stages_bg_stages_merged_min2_BGMMM1_BGMMM2_BGMMM3_BGMMM4_BGMMM5__ps-0p05__bias-0p1__cb-0p1__nbm-lhs-parsed__nbe-0p05__nbmin-0p1__lex-from-prev__ls-0p1__05_BGMMM5.mll.out	-8.658856
stages_bg_stages_merged_min2_BGMMM1_BGMMM2_BGMMM3_BGMMM4_BGMMM5__ps-0p1__bias-0p1__cb-0p1__nbm-lhs-parsed__nbe-0p001__nbmin-0p1__lex-from-prev__ls-0p001__05_BGMMM5.mll.out	-8.669223
stages_bg_stages_merged_min2_BGMMM1_BGMMM2_BGMMM3_BGMMM4_BGMMM5__ps-0p1__bias-0p1__cb-0p1__nbm-lhs-parsed__nbe-0p001__nbmin-0p1__lex-from-prev__ls-0p01__05_BGMMM5.mll.out	-8.662383
stages_bg_stages_merged_min2_BGMMM1_BGMMM2_BGMMM3_BGMMM4_BGMMM5__ps-0p1__bias-0p1__cb-0p1__nbm-lhs-parsed__nbe-0p001__nbmin-0p1__lex-from-prev__ls-0p0__05_BGMMM5.mll.out	-8.667535
stages_bg_stages_merged_min2_BGMMM1_BGMMM2_BGMMM3_BGMMM4_BGMMM5__ps-0p1__bias-0p1__cb-0p1__nbm-lhs-parsed__nbe-0p001__nbmin-0p1__lex-from-prev__ls-0p1__05_BGMMM5.mll.out	-8.651462
stages_bg_stages_merged_min2_BGMMM1_BGMMM2_BGMMM3_BGMMM4_BGMMM5__ps-0p1__bias-0p1__cb-0p1__nbm-lhs-parsed__nbe-0p005__nbmin-0p1__lex-from-prev__ls-0p001__05_BGMMM5.mll.out	-8.668567
stages_bg_stages_merged_min2_BGMMM1_BGMMM2_BGMMM3_BGMMM4_BGMMM5__ps-0p1__bias-0p1__cb-0p1__nbm-lhs-parsed__nbe-0p005__nbmin-0p1__lex-from-prev__ls-0p01__05_BGMMM5.mll.out	-8.661800
stages_bg_stages_merged_min2_BGMMM1_BGMMM2_BGMMM3_BGMMM4_BGMMM5__ps-0p1__bias-0p1__cb-0p1__nbm-lhs-parsed__nbe-0p005__nbmin-0p1__lex-from-prev__ls-0p0__05_BGMMM5.mll.out	-8.666986
stages_bg_stages_merged_min2_BGMMM1_BGMMM2_BGMMM3_BGMMM4_BGMMM5__ps-0p1__bias-0p1__cb-0p1__nbm-lhs-parsed__nbe-0p005__nbmin-0p1__lex-from-prev__ls-0p1__05_BGMMM5.mll.out	-8.650895
stages_bg_stages_merged_min2_BGMMM1_BGMMM2_BGMMM3_BGMMM4_BGMMM5__ps-0p1__bias-0p1__cb-0p1__nbm-lhs-parsed__nbe-0p01__nbmin-0p1__lex-from-prev__ls-0p001__05_BGMMM5.mll.out	-8.668434
stages_bg_stages_merged_min2_BGMMM1_BGMMM2_BGMMM3_BGMMM4_BGMMM5__ps-0p1__bias-0p1__cb-0p1__nbm-lhs-parsed__nbe-0p01__nbmin-0p1__lex-from-prev__ls-0p01__05_BGMMM5.mll.out	-8.661077
stages_bg_stages_merged_min2_BGMMM1_BGMMM2_BGMMM3_BGMMM4_BGMMM5__ps-0p1__bias-0p1__cb-0p1__nbm-lhs-parsed__nbe-0p01__nbmin-0p1__lex-from-prev__ls-0p0__05_BGMMM5.mll.out	-8.666768
stages_bg_stages_merged_min2_BGMMM1_BGMMM2_BGMMM3_BGMMM4_BGMMM5__ps-0p1__bias-0p1__cb-0p1__nbm-lhs-parsed__nbe-0p01__nbmin-0p1__lex-from-prev__ls-0p1__05_BGMMM5.mll.out	-8.650231
stages_bg_stages_merged_min2_BGMMM1_BGMMM2_BGMMM3_BGMMM4_BGMMM5__ps-0p1__bias-0p1__cb-0p1__nbm-lhs-parsed__nbe-0p05__nbmin-0p1__lex-from-prev__ls-0p001__05_BGMMM5.mll.out	-8.666310
stages_bg_stages_merged_min2_BGMMM1_BGMMM2_BGMMM3_BGMMM4_BGMMM5__ps-0p1__bias-0p1__cb-0p1__nbm-lhs-parsed__nbe-0p05__nbmin-0p1__lex-from-prev__ls-0p01__05_BGMMM5.mll.out	-8.658846
stages_bg_stages_merged_min2_BGMMM1_BGMMM2_BGMMM3_BGMMM4_BGMMM5__ps-0p1__bias-0p1__cb-0p1__nbm-lhs-parsed__nbe-0p05__nbmin-0p1__lex-from-prev__ls-0p0__05_BGMMM5.mll.out	-8.664706
stages_bg_stages_merged_min2_BGMMM1_BGMMM2_BGMMM3_BGMMM4_BGMMM5__ps-0p1__bias-0p1__cb-0p1__nbm-lhs-parsed__nbe-0p05__nbmin-0p1__lex-from-prev__ls-0p1__05_BGMMM5.mll.out	-8.648005
stages_bg_stages_merged_min2_BGMMM1_BGMMM2_BGMMM3_BGMMM4_BGMMM5__ps-0p2__bias-0p1__cb-0p1__nbm-lhs-parsed__nbe-0p001__nbmin-0p1__lex-from-prev__ls-0p001__05_BGMMM5.mll.out	-8.652824
stages_bg_stages_merged_min2_BGMMM1_BGMMM2_BGMMM3_BGMMM4_BGMMM5__ps-0p2__bias-0p1__cb-0p1__nbm-lhs-parsed__nbe-0p001__nbmin-0p1__lex-from-prev__ls-0p01__05_BGMMM5.mll.out	-8.646680
stages_bg_stages_merged_min2_BGMMM1_BGMMM2_BGMMM3_BGMMM4_BGMMM5__ps-0p2__bias-0p1__cb-0p1__nbm-lhs-parsed__nbe-0p001__nbmin-0p1__lex-from-prev__ls-0p0__05_BGMMM5.mll.out	-8.651827
stages_bg_stages_merged_min2_BGMMM1_BGMMM2_BGMMM3_BGMMM4_BGMMM5__ps-0p2__bias-0p1__cb-0p1__nbm-lhs-parsed__nbe-0p001__nbmin-0p1__lex-from-prev__ls-0p1__05_BGMMM5.mll.out	-8.635638
stages_bg_stages_merged_min2_BGMMM1_BGMMM2_BGMMM3_BGMMM4_BGMMM5__ps-0p2__bias-0p1__cb-0p1__nbm-lhs-parsed__nbe-0p005__nbmin-0p1__lex-from-prev__ls-0p001__05_BGMMM5.mll.out	-8.651547
stages_bg_stages_merged_min2_BGMMM1_BGMMM2_BGMMM3_BGMMM4_BGMMM5__ps-0p2__bias-0p1__cb-0p1__nbm-lhs-parsed__nbe-0p005__nbmin-0p1__lex-from-prev__ls-0p01__05_BGMMM5.mll.out	-8.645353
stages_bg_stages_merged_min2_BGMMM1_BGMMM2_BGMMM3_BGMMM4_BGMMM5__ps-0p2__bias-0p1__cb-0p1__nbm-lhs-parsed__nbe-0p005__nbmin-0p1__lex-from-prev__ls-0p0__05_BGMMM5.mll.out	-8.650582
stages_bg_stages_merged_min2_BGMMM1_BGMMM2_BGMMM3_BGMMM4_BGMMM5__ps-0p2__bias-0p1__cb-0p1__nbm-lhs-parsed__nbe-0p005__nbmin-0p1__lex-from-prev__ls-0p1__05_BGMMM5.mll.out	-8.634240
stages_bg_stages_merged_min2_BGMMM1_BGMMM2_BGMMM3_BGMMM4_BGMMM5__ps-0p2__bias-0p1__cb-0p1__nbm-lhs-parsed__nbe-0p01__nbmin-0p1__lex-from-prev__ls-0p001__05_BGMMM5.mll.out	-8.650301
stages_bg_stages_merged_min2_BGMMM1_BGMMM2_BGMMM3_BGMMM4_BGMMM5__ps-0p2__bias-0p1__cb-0p1__nbm-lhs-parsed__nbe-0p01__nbmin-0p1__lex-from-prev__ls-0p01__05_BGMMM5.mll.out	-8.644008
stages_bg_stages_merged_min2_BGMMM1_BGMMM2_BGMMM3_BGMMM4_BGMMM5__ps-0p2__bias-0p1__cb-0p1__nbm-lhs-parsed__nbe-0p01__nbmin-0p1__lex-from-prev__ls-0p0__05_BGMMM5.mll.out	-8.649360
stages_bg_stages_merged_min2_BGMMM1_BGMMM2_BGMMM3_BGMMM4_BGMMM5__ps-0p2__bias-0p1__cb-0p1__nbm-lhs-parsed__nbe-0p01__nbmin-0p1__lex-from-prev__ls-0p1__05_BGMMM5.mll.out	-8.632827
stages_bg_stages_merged_min2_BGMMM1_BGMMM2_BGMMM3_BGMMM4_BGMMM5__ps-0p2__bias-0p1__cb-0p1__nbm-lhs-parsed__nbe-0p05__nbmin-0p1__lex-from-prev__ls-0p001__05_BGMMM5.mll.out	-8.647472
stages_bg_stages_merged_min2_BGMMM1_BGMMM2_BGMMM3_BGMMM4_BGMMM5__ps-0p2__bias-0p1__cb-0p1__nbm-lhs-parsed__nbe-0p05__nbmin-0p1__lex-from-prev__ls-0p01__05_BGMMM5.mll.out	-8.640894
stages_bg_stages_merged_min2_BGMMM1_BGMMM2_BGMMM3_BGMMM4_BGMMM5__ps-0p2__bias-0p1__cb-0p1__nbm-lhs-parsed__nbe-0p05__nbmin-0p1__lex-from-prev__ls-0p0__05_BGMMM5.mll.out	-8.646405
stages_bg_stages_merged_min2_BGMMM1_BGMMM2_BGMMM3_BGMMM4_BGMMM5__ps-0p2__bias-0p1__cb-0p1__nbm-lhs-parsed__nbe-0p05__nbmin-0p1__lex-from-prev__ls-0p1__05_BGMMM5.mll.out	-8.629016
stages_bg_stages_mv_BGG1_BGG2_BGG3_BGG4__ps-0p001__bias-0p1__cb-0p1__nbm-lhs-parsed__nbe-0p001__nbmin-0p1__lex-from-prev__ls-0p001__04_BGG4.mll.out	-8.482420
stages_bg_stages_mv_BGG1_BGG2_BGG3_BGG4__ps-0p001__bias-0p1__cb-0p1__nbm-lhs-parsed__nbe-0p001__nbmin-0p1__lex-from-prev__ls-0p01__04_BGG4.mll.out	-8.449839
stages_bg_stages_mv_BGG1_BGG2_BGG3_BGG4__ps-0p001__bias-0p1__cb-0p1__nbm-lhs-parsed__nbe-0p001__nbmin-0p1__lex-from-prev__ls-0p0__04_BGG4.mll.out	-8.551557
stages_bg_stages_mv_BGG1_BGG2_BGG3_BGG4__ps-0p001__bias-0p1__cb-0p1__nbm-lhs-parsed__nbe-0p005__nbmin-0p1__lex-from-prev__ls-0p01__04_BGG4.mll.out	-8.449834
stages_bg_stages_mv_BGG1_BGG2_BGG3_BGG4__ps-0p001__bias-0p1__cb-0p1__nbm-lhs-parsed__nbe-0p005__nbmin-0p1__lex-from-prev__ls-0p0__04_BGG4.mll.out	-8.551552
stages_bg_stages_mv_BGG1_BGG2_BGG3_BGG4__ps-0p001__bias-0p1__cb-0p1__nbm-lhs-parsed__nbe-0p01__nbmin-0p1__lex-from-prev__ls-0p01__04_BGG4.mll.out	-8.449825
stages_bg_stages_mv_BGG1_BGG2_BGG3_BGG4__ps-0p001__bias-0p1__cb-0p1__nbm-lhs-parsed__nbe-0p01__nbmin-0p1__lex-from-prev__ls-0p0__04_BGG4.mll.out	-8.551544
stages_bg_stages_mv_BGG1_BGG2_BGG3_BGG4__ps-0p001__bias-0p1__cb-0p1__nbm-lhs-parsed__nbe-0p05__nbmin-0p1__lex-from-prev__ls-0p01__04_BGG4.mll.out	-8.449755
stages_bg_stages_mv_BGG1_BGG2_BGG3_BGG4__ps-0p001__bias-0p1__cb-0p1__nbm-lhs-parsed__nbe-0p05__nbmin-0p1__lex-from-prev__ls-0p0__04_BGG4.mll.out	-8.551478
stages_bg_stages_mv_BGG1_BGG2_BGG3_BGG4__ps-0p005__bias-0p1__cb-0p1__nbm-lhs-parsed__nbe-0p001__nbmin-0p1__lex-from-prev__ls-0p01__04_BGG4.mll.out	-8.448694
stages_bg_stages_mv_BGG1_BGG2_BGG3_BGG4__ps-0p005__bias-0p1__cb-0p1__nbm-lhs-parsed__nbe-0p001__nbmin-0p1__lex-from-prev__ls-0p0__04_BGG4.mll.out	-8.550377
stages_bg_stages_mv_BGG1_BGG2_BGG3_BGG4__ps-0p005__bias-0p1__cb-0p1__nbm-lhs-parsed__nbe-0p005__nbmin-0p1__lex-from-prev__ls-0p01__04_BGG4.mll.out	-8.448645
stages_bg_stages_mv_BGG1_BGG2_BGG3_BGG4__ps-0p005__bias-0p1__cb-0p1__nbm-lhs-parsed__nbe-0p005__nbmin-0p1__lex-from-prev__ls-0p0__04_BGG4.mll.out	-8.550331
stages_bg_stages_mv_BGG1_BGG2_BGG3_BGG4__ps-0p005__bias-0p1__cb-0p1__nbm-lhs-parsed__nbe-0p01__nbmin-0p1__lex-from-prev__ls-0p01__04_BGG4.mll.out	-8.448580
stages_bg_stages_mv_BGG1_BGG2_BGG3_BGG4__ps-0p005__bias-0p1__cb-0p1__nbm-lhs-parsed__nbe-0p01__nbmin-0p1__lex-from-prev__ls-0p0__04_BGG4.mll.out	-8.550278
stages_bg_stages_mv_BGG1_BGG2_BGG3_BGG4__ps-0p005__bias-0p1__cb-0p1__nbm-lhs-parsed__nbe-0p05__nbmin-0p1__lex-from-prev__ls-0p01__04_BGG4.mll.out	-8.448235
stages_bg_stages_mv_BGG1_BGG2_BGG3_BGG4__ps-0p005__bias-0p1__cb-0p1__nbm-lhs-parsed__nbe-0p05__nbmin-0p1__lex-from-prev__ls-0p0__04_BGG4.mll.out	-8.549929
stages_bg_stages_mv_BGG1_BGG2_BGG3_BGG4__ps-0p01__bias-0p1__cb-0p1__nbm-lhs-parsed__nbe-0p001__nbmin-0p1__lex-from-prev__ls-0p001__04_BGG4.mll.out	-8.480836
stages_bg_stages_mv_BGG1_BGG2_BGG3_BGG4__ps-0p01__bias-0p1__cb-0p1__nbm-lhs-parsed__nbe-0p001__nbmin-0p1__lex-from-prev__ls-0p01__04_BGG4.mll.out	-8.448064
stages_bg_stages_mv_BGG1_BGG2_BGG3_BGG4__ps-0p01__bias-0p1__cb-0p1__nbm-lhs-parsed__nbe-0p001__nbmin-0p1__lex-from-prev__ls-0p0__04_BGG4.mll.out	-8.549754
stages_bg_stages_mv_BGG1_BGG2_BGG3_BGG4__ps-0p01__bias-0p1__cb-0p1__nbm-lhs-parsed__nbe-0p005__nbmin-0p1__lex-from-prev__ls-0p001__04_BGG4.mll.out	-8.480730
stages_bg_stages_mv_BGG1_BGG2_BGG3_BGG4__ps-0p01__bias-0p1__cb-0p1__nbm-lhs-parsed__nbe-0p005__nbmin-0p1__lex-from-prev__ls-0p01__04_BGG4.mll.out	-8.447950
stages_bg_stages_mv_BGG1_BGG2_BGG3_BGG4__ps-0p01__bias-0p1__cb-0p1__nbm-lhs-parsed__nbe-0p005__nbmin-0p1__lex-from-prev__ls-0p0__04_BGG4.mll.out	-8.549653
stages_bg_stages_mv_BGG1_BGG2_BGG3_BGG4__ps-0p01__bias-0p1__cb-0p1__nbm-lhs-parsed__nbe-0p01__nbmin-0p1__lex-from-prev__ls-0p001__04_BGG4.mll.out	-8.480615
stages_bg_stages_mv_BGG1_BGG2_BGG3_BGG4__ps-0p01__bias-0p1__cb-0p1__nbm-lhs-parsed__nbe-0p01__nbmin-0p1__lex-from-prev__ls-0p01__04_BGG4.mll.out	-8.447870
stages_bg_stages_mv_BGG1_BGG2_BGG3_BGG4__ps-0p01__bias-0p1__cb-0p1__nbm-lhs-parsed__nbe-0p01__nbmin-0p1__lex-from-prev__ls-0p0__04_BGG4.mll.out	-8.549539
stages_bg_stages_mv_BGG1_BGG2_BGG3_BGG4__ps-0p01__bias-0p1__cb-0p1__nbm-lhs-parsed__nbe-0p05__nbmin-0p1__lex-from-prev__ls-0p001__04_BGG4.mll.out	-8.480032
stages_bg_stages_mv_BGG1_BGG2_BGG3_BGG4__ps-0p01__bias-0p1__cb-0p1__nbm-lhs-parsed__nbe-0p05__nbmin-0p1__lex-from-prev__ls-0p01__04_BGG4.mll.out	-8.447145
stages_bg_stages_mv_BGG1_BGG2_BGG3_BGG4__ps-0p01__bias-0p1__cb-0p1__nbm-lhs-parsed__nbe-0p05__nbmin-0p1__lex-from-prev__ls-0p0__04_BGG4.mll.out	-8.548845
stages_bg_stages_mv_BGG1_BGG2_BGG3_BGG4__ps-0p05__bias-0p1__cb-0p1__nbm-lhs-parsed__nbe-0p001__nbmin-0p1__lex-from-prev__ls-0p001__04_BGG4.mll.out	-8.475320
stages_bg_stages_mv_BGG1_BGG2_BGG3_BGG4__ps-0p05__bias-0p1__cb-0p1__nbm-lhs-parsed__nbe-0p001__nbmin-0p1__lex-from-prev__ls-0p01__04_BGG4.mll.out	-8.445083
stages_bg_stages_mv_BGG1_BGG2_BGG3_BGG4__ps-0p05__bias-0p1__cb-0p1__nbm-lhs-parsed__nbe-0p001__nbmin-0p1__lex-from-prev__ls-0p0__04_BGG4.mll.out	-8.546870
stages_bg_stages_mv_BGG1_BGG2_BGG3_BGG4__ps-0p05__bias-0p1__cb-0p1__nbm-lhs-parsed__nbe-0p001__nbmin-0p1__lex-from-prev__ls-0p1__04_BGG4.mll.out	-8.423612
stages_bg_stages_mv_BGG1_BGG2_BGG3_BGG4__ps-0p05__bias-0p1__cb-0p1__nbm-lhs-parsed__nbe-0p005__nbmin-0p1__lex-from-prev__ls-0p001__04_BGG4.mll.out	-8.474742
stages_bg_stages_mv_BGG1_BGG2_BGG3_BGG4__ps-0p05__bias-0p1__cb-0p1__nbm-lhs-parsed__nbe-0p005__nbmin-0p1__lex-from-prev__ls-0p01__04_BGG4.mll.out	-8.444540
stages_bg_stages_mv_BGG1_BGG2_BGG3_BGG4__ps-0p05__bias-0p1__cb-0p1__nbm-lhs-parsed__nbe-0p005__nbmin-0p1__lex-from-prev__ls-0p0__04_BGG4.mll.out	-8.546255
stages_bg_stages_mv_BGG1_BGG2_BGG3_BGG4__ps-0p05__bias-0p1__cb-0p1__nbm-lhs-parsed__nbe-0p005__nbmin-0p1__lex-from-prev__ls-0p1__04_BGG4.mll.out	-8.422976
stages_bg_stages_mv_BGG1_BGG2_BGG3_BGG4__ps-0p05__bias-0p1__cb-0p1__nbm-lhs-parsed__nbe-0p01__nbmin-0p1__lex-from-prev__ls-0p001__04_BGG4.mll.out	-8.474276
stages_bg_stages_mv_BGG1_BGG2_BGG3_BGG4__ps-0p05__bias-0p1__cb-0p1__nbm-lhs-parsed__nbe-0p01__nbmin-0p1__lex-from-prev__ls-0p01__04_BGG4.mll.out	-8.444004
stages_bg_stages_mv_BGG1_BGG2_BGG3_BGG4__ps-0p05__bias-0p1__cb-0p1__nbm-lhs-parsed__nbe-0p01__nbmin-0p1__lex-from-prev__ls-0p0__04_BGG4.mll.out	-8.545695
stages_bg_stages_mv_BGG1_BGG2_BGG3_BGG4__ps-0p05__bias-0p1__cb-0p1__nbm-lhs-parsed__nbe-0p01__nbmin-0p1__lex-from-prev__ls-0p1__04_BGG4.mll.out	-8.422404
stages_bg_stages_mv_BGG1_BGG2_BGG3_BGG4__ps-0p05__bias-0p1__cb-0p1__nbm-lhs-parsed__nbe-0p05__nbmin-0p1__lex-from-prev__ls-0p001__04_BGG4.mll.out	-8.470614
stages_bg_stages_mv_BGG1_BGG2_BGG3_BGG4__ps-0p05__bias-0p1__cb-0p1__nbm-lhs-parsed__nbe-0p05__nbmin-0p1__lex-from-prev__ls-0p01__04_BGG4.mll.out	-8.440707
stages_bg_stages_mv_BGG1_BGG2_BGG3_BGG4__ps-0p05__bias-0p1__cb-0p1__nbm-lhs-parsed__nbe-0p05__nbmin-0p1__lex-from-prev__ls-0p0__04_BGG4.mll.out	-8.542634
stages_bg_stages_mv_BGG1_BGG2_BGG3_BGG4__ps-0p05__bias-0p1__cb-0p1__nbm-lhs-parsed__nbe-0p05__nbmin-0p1__lex-from-prev__ls-0p1__04_BGG4.mll.out	-8.419477
stages_bg_stages_mv_BGG1_BGG2_BGG3_BGG4__ps-0p1__bias-0p1__cb-0p1__nbm-lhs-parsed__nbe-0p001__nbmin-0p1__lex-from-prev__ls-0p001__04_BGG4.mll.out	-8.470977
stages_bg_stages_mv_BGG1_BGG2_BGG3_BGG4__ps-0p1__bias-0p1__cb-0p1__nbm-lhs-parsed__nbe-0p001__nbmin-0p1__lex-from-prev__ls-0p01__04_BGG4.mll.out	-8.440520
stages_bg_stages_mv_BGG1_BGG2_BGG3_BGG4__ps-0p1__bias-0p1__cb-0p1__nbm-lhs-parsed__nbe-0p001__nbmin-0p1__lex-from-prev__ls-0p0__04_BGG4.mll.out	-8.543300
stages_bg_stages_mv_BGG1_BGG2_BGG3_BGG4__ps-0p1__bias-0p1__cb-0p1__nbm-lhs-parsed__nbe-0p001__nbmin-0p1__lex-from-prev__ls-0p1__04_BGG4.mll.out	-8.419481
stages_bg_stages_mv_BGG1_BGG2_BGG3_BGG4__ps-0p1__bias-0p1__cb-0p1__nbm-lhs-parsed__nbe-0p005__nbmin-0p1__lex-from-prev__ls-0p001__04_BGG4.mll.out	-8.470091
stages_bg_stages_mv_BGG1_BGG2_BGG3_BGG4__ps-0p1__bias-0p1__cb-0p1__nbm-lhs-parsed__nbe-0p005__nbmin-0p1__lex-from-prev__ls-0p01__04_BGG4.mll.out	-8.439463
stages_bg_stages_mv_BGG1_BGG2_BGG3_BGG4__ps-0p1__bias-0p1__cb-0p1__nbm-lhs-parsed__nbe-0p005__nbmin-0p1__lex-from-prev__ls-0p0__04_BGG4.mll.out	-8.542253
stages_bg_stages_mv_BGG1_BGG2_BGG3_BGG4__ps-0p1__bias-0p1__cb-0p1__nbm-lhs-parsed__nbe-0p005__nbmin-0p1__lex-from-prev__ls-0p1__04_BGG4.mll.out	-8.418482
stages_bg_stages_mv_BGG1_BGG2_BGG3_BGG4__ps-0p1__bias-0p1__cb-0p1__nbm-lhs-parsed__nbe-0p01__nbmin-0p1__lex-from-prev__ls-0p001__04_BGG4.mll.out	-8.469118
stages_bg_stages_mv_BGG1_BGG2_BGG3_BGG4__ps-0p1__bias-0p1__cb-0p1__nbm-lhs-parsed__nbe-0p01__nbmin-0p1__lex-from-prev__ls-0p01__04_BGG4.mll.out	-8.438492
stages_bg_stages_mv_BGG1_BGG2_BGG3_BGG4__ps-0p1__bias-0p1__cb-0p1__nbm-lhs-parsed__nbe-0p01__nbmin-0p1__lex-from-prev__ls-0p0__04_BGG4.mll.out	-8.541346
stages_bg_stages_mv_BGG1_BGG2_BGG3_BGG4__ps-0p1__bias-0p1__cb-0p1__nbm-lhs-parsed__nbe-0p01__nbmin-0p1__lex-from-prev__ls-0p1__04_BGG4.mll.out	-8.417558
stages_bg_stages_mv_BGG1_BGG2_BGG3_BGG4__ps-0p1__bias-0p1__cb-0p1__nbm-lhs-parsed__nbe-0p05__nbmin-0p1__lex-from-prev__ls-0p001__04_BGG4.mll.out	-8.465856
stages_bg_stages_mv_BGG1_BGG2_BGG3_BGG4__ps-0p1__bias-0p1__cb-0p1__nbm-lhs-parsed__nbe-0p05__nbmin-0p1__lex-from-prev__ls-0p01__04_BGG4.mll.out	-8.433682
stages_bg_stages_mv_BGG1_BGG2_BGG3_BGG4__ps-0p1__bias-0p1__cb-0p1__nbm-lhs-parsed__nbe-0p05__nbmin-0p1__lex-from-prev__ls-0p0__04_BGG4.mll.out	-8.536431
stages_bg_stages_mv_BGG1_BGG2_BGG3_BGG4__ps-0p1__bias-0p1__cb-0p1__nbm-lhs-parsed__nbe-0p05__nbmin-0p1__lex-from-prev__ls-0p1__04_BGG4.mll.out	-8.412950
stages_bg_stages_mv_BGG1_BGG2_BGG3_BGG4__ps-0p2__bias-0p1__cb-0p1__nbm-lhs-parsed__nbe-0p001__nbmin-0p1__lex-from-prev__ls-0p001__04_BGG4.mll.out	-8.457010
stages_bg_stages_mv_BGG1_BGG2_BGG3_BGG4__ps-0p2__bias-0p1__cb-0p1__nbm-lhs-parsed__nbe-0p001__nbmin-0p1__lex-from-prev__ls-0p01__04_BGG4.mll.out	-8.430800
stages_bg_stages_mv_BGG1_BGG2_BGG3_BGG4__ps-0p2__bias-0p1__cb-0p1__nbm-lhs-parsed__nbe-0p001__nbmin-0p1__lex-from-prev__ls-0p0__04_BGG4.mll.out	-8.534874
stages_bg_stages_mv_BGG1_BGG2_BGG3_BGG4__ps-0p2__bias-0p1__cb-0p1__nbm-lhs-parsed__nbe-0p001__nbmin-0p1__lex-from-prev__ls-0p1__04_BGG4.mll.out	-8.413884
stages_bg_stages_mv_BGG1_BGG2_BGG3_BGG4__ps-0p2__bias-0p1__cb-0p1__nbm-lhs-parsed__nbe-0p005__nbmin-0p1__lex-from-prev__ls-0p001__04_BGG4.mll.out	-8.455679
stages_bg_stages_mv_BGG1_BGG2_BGG3_BGG4__ps-0p2__bias-0p1__cb-0p1__nbm-lhs-parsed__nbe-0p005__nbmin-0p1__lex-from-prev__ls-0p01__04_BGG4.mll.out	-8.429003
stages_bg_stages_mv_BGG1_BGG2_BGG3_BGG4__ps-0p2__bias-0p1__cb-0p1__nbm-lhs-parsed__nbe-0p005__nbmin-0p1__lex-from-prev__ls-0p0__04_BGG4.mll.out	-8.533212
stages_bg_stages_mv_BGG1_BGG2_BGG3_BGG4__ps-0p2__bias-0p1__cb-0p1__nbm-lhs-parsed__nbe-0p005__nbmin-0p1__lex-from-prev__ls-0p1__04_BGG4.mll.out	-8.412808
stages_bg_stages_mv_BGG1_BGG2_BGG3_BGG4__ps-0p2__bias-0p1__cb-0p1__nbm-lhs-parsed__nbe-0p01__nbmin-0p1__lex-from-prev__ls-0p001__04_BGG4.mll.out	-8.454143
stages_bg_stages_mv_BGG1_BGG2_BGG3_BGG4__ps-0p2__bias-0p1__cb-0p1__nbm-lhs-parsed__nbe-0p01__nbmin-0p1__lex-from-prev__ls-0p01__04_BGG4.mll.out	-8.426947
stages_bg_stages_mv_BGG1_BGG2_BGG3_BGG4__ps-0p2__bias-0p1__cb-0p1__nbm-lhs-parsed__nbe-0p01__nbmin-0p1__lex-from-prev__ls-0p0__04_BGG4.mll.out	-8.531734
stages_bg_stages_mv_BGG1_BGG2_BGG3_BGG4__ps-0p2__bias-0p1__cb-0p1__nbm-lhs-parsed__nbe-0p01__nbmin-0p1__lex-from-prev__ls-0p1__04_BGG4.mll.out	-8.412923
stages_bg_stages_mv_BGG1_BGG2_BGG3_BGG4__ps-0p2__bias-0p1__cb-0p1__nbm-lhs-parsed__nbe-0p05__nbmin-0p1__lex-from-prev__ls-0p001__04_BGG4.mll.out	-8.454537
stages_bg_stages_mv_BGG1_BGG2_BGG3_BGG4__ps-0p2__bias-0p1__cb-0p1__nbm-lhs-parsed__nbe-0p05__nbmin-0p1__lex-from-prev__ls-0p01__04_BGG4.mll.out	-8.421860
stages_bg_stages_mv_BGG1_BGG2_BGG3_BGG4__ps-0p2__bias-0p1__cb-0p1__nbm-lhs-parsed__nbe-0p05__nbmin-0p1__lex-from-prev__ls-0p0__04_BGG4.mll.out	-8.524484
stages_bg_stages_mv_BGG1_BGG2_BGG3_BGG4__ps-0p2__bias-0p1__cb-0p1__nbm-lhs-parsed__nbe-0p05__nbmin-0p1__lex-from-prev__ls-0p1__04_BGG4.mll.out	-8.403991
stages_bg_stages_mv_BGI1_BGI2_BGI3_BGI4__ps-0p001__bias-0p1__cb-0p1__nbm-lhs-parsed__nbe-0p001__nbmin-0p1__lex-from-prev__ls-0p001__04_BGI4.mll.out	-8.447215
stages_bg_stages_mv_BGI1_BGI2_BGI3_BGI4__ps-0p001__bias-0p1__cb-0p1__nbm-lhs-parsed__nbe-0p001__nbmin-0p1__lex-from-prev__ls-0p01__04_BGI4.mll.out	-8.446058
stages_bg_stages_mv_BGI1_BGI2_BGI3_BGI4__ps-0p001__bias-0p1__cb-0p1__nbm-lhs-parsed__nbe-0p001__nbmin-0p1__lex-from-prev__ls-0p0__04_BGI4.mll.out	-8.552930
stages_bg_stages_mv_BGI1_BGI2_BGI3_BGI4__ps-0p001__bias-0p1__cb-0p1__nbm-lhs-parsed__nbe-0p005__nbmin-0p1__lex-from-prev__ls-0p01__04_BGI4.mll.out	-8.446057
stages_bg_stages_mv_BGI1_BGI2_BGI3_BGI4__ps-0p001__bias-0p1__cb-0p1__nbm-lhs-parsed__nbe-0p005__nbmin-0p1__lex-from-prev__ls-0p0__04_BGI4.mll.out	-8.552929
stages_bg_stages_mv_BGI1_BGI2_BGI3_BGI4__ps-0p001__bias-0p1__cb-0p1__nbm-lhs-parsed__nbe-0p01__nbmin-0p1__lex-from-prev__ls-0p01__04_BGI4.mll.out	-8.446053
stages_bg_stages_mv_BGI1_BGI2_BGI3_BGI4__ps-0p001__bias-0p1__cb-0p1__nbm-lhs-parsed__nbe-0p01__nbmin-0p1__lex-from-prev__ls-0p0__04_BGI4.mll.out	-8.552925
stages_bg_stages_mv_BGI1_BGI2_BGI3_BGI4__ps-0p001__bias-0p1__cb-0p1__nbm-lhs-parsed__nbe-0p05__nbmin-0p1__lex-from-prev__ls-0p01__04_BGI4.mll.out	-8.445302
stages_bg_stages_mv_BGI1_BGI2_BGI3_BGI4__ps-0p001__bias-0p1__cb-0p1__nbm-lhs-parsed__nbe-0p05__nbmin-0p1__lex-from-prev__ls-0p0__04_BGI4.mll.out	-8.552179
stages_bg_stages_mv_BGI1_BGI2_BGI3_BGI4__ps-0p005__bias-0p1__cb-0p1__nbm-lhs-parsed__nbe-0p001__nbmin-0p1__lex-from-prev__ls-0p01__04_BGI4.mll.out	-8.446040
stages_bg_stages_mv_BGI1_BGI2_BGI3_BGI4__ps-0p005__bias-0p1__cb-0p1__nbm-lhs-parsed__nbe-0p001__nbmin-0p1__lex-from-prev__ls-0p0__04_BGI4.mll.out	-8.553519
stages_bg_stages_mv_BGI1_BGI2_BGI3_BGI4__ps-0p005__bias-0p1__cb-0p1__nbm-lhs-parsed__nbe-0p005__nbmin-0p1__lex-from-prev__ls-0p01__04_BGI4.mll.out	-8.445853
stages_bg_stages_mv_BGI1_BGI2_BGI3_BGI4__ps-0p005__bias-0p1__cb-0p1__nbm-lhs-parsed__nbe-0p005__nbmin-0p1__lex-from-prev__ls-0p0__04_BGI4.mll.out	-8.553334
stages_bg_stages_mv_BGI1_BGI2_BGI3_BGI4__ps-0p005__bias-0p1__cb-0p1__nbm-lhs-parsed__nbe-0p01__nbmin-0p1__lex-from-prev__ls-0p01__04_BGI4.mll.out	-8.445280
stages_bg_stages_mv_BGI1_BGI2_BGI3_BGI4__ps-0p005__bias-0p1__cb-0p1__nbm-lhs-parsed__nbe-0p01__nbmin-0p1__lex-from-prev__ls-0p0__04_BGI4.mll.out	-8.552765
stages_bg_stages_mv_BGI1_BGI2_BGI3_BGI4__ps-0p005__bias-0p1__cb-0p1__nbm-lhs-parsed__nbe-0p05__nbmin-0p1__lex-from-prev__ls-0p01__04_BGI4.mll.out	-8.444404
stages_bg_stages_mv_BGI1_BGI2_BGI3_BGI4__ps-0p005__bias-0p1__cb-0p1__nbm-lhs-parsed__nbe-0p05__nbmin-0p1__lex-from-prev__ls-0p0__04_BGI4.mll.out	-8.551848
stages_bg_stages_mv_BGI1_BGI2_BGI3_BGI4__ps-0p01__bias-0p1__cb-0p1__nbm-lhs-parsed__nbe-0p001__nbmin-0p1__lex-from-prev__ls-0p001__04_BGI4.mll.out	-8.449121
stages_bg_stages_mv_BGI1_BGI2_BGI3_BGI4__ps-0p01__bias-0p1__cb-0p1__nbm-lhs-parsed__nbe-0p001__nbmin-0p1__lex-from-prev__ls-0p01__04_BGI4.mll.out	-8.445695
stages_bg_stages_mv_BGI1_BGI2_BGI3_BGI4__ps-0p01__bias-0p1__cb-0p1__nbm-lhs-parsed__nbe-0p001__nbmin-0p1__lex-from-prev__ls-0p0__04_BGI4.mll.out	-8.553262
stages_bg_stages_mv_BGI1_BGI2_BGI3_BGI4__ps-0p01__bias-0p1__cb-0p1__nbm-lhs-parsed__nbe-0p005__nbmin-0p1__lex-from-prev__ls-0p001__04_BGI4.mll.out	-8.448335
stages_bg_stages_mv_BGI1_BGI2_BGI3_BGI4__ps-0p01__bias-0p1__cb-0p1__nbm-lhs-parsed__nbe-0p005__nbmin-0p1__lex-from-prev__ls-0p01__04_BGI4.mll.out	-8.444929
stages_bg_stages_mv_BGI1_BGI2_BGI3_BGI4__ps-0p01__bias-0p1__cb-0p1__nbm-lhs-parsed__nbe-0p005__nbmin-0p1__lex-from-prev__ls-0p0__04_BGI4.mll.out	-8.552509
stages_bg_stages_mv_BGI1_BGI2_BGI3_BGI4__ps-0p01__bias-0p1__cb-0p1__nbm-lhs-parsed__nbe-0p01__nbmin-0p1__lex-from-prev__ls-0p001__04_BGI4.mll.out	-8.447948
stages_bg_stages_mv_BGI1_BGI2_BGI3_BGI4__ps-0p01__bias-0p1__cb-0p1__nbm-lhs-parsed__nbe-0p01__nbmin-0p1__lex-from-prev__ls-0p01__04_BGI4.mll.out	-8.444521
stages_bg_stages_mv_BGI1_BGI2_BGI3_BGI4__ps-0p01__bias-0p1__cb-0p1__nbm-lhs-parsed__nbe-0p01__nbmin-0p1__lex-from-prev__ls-0p0__04_BGI4.mll.out	-8.552096
stages_bg_stages_mv_BGI1_BGI2_BGI3_BGI4__ps-0p01__bias-0p1__cb-0p1__nbm-lhs-parsed__nbe-0p05__nbmin-0p1__lex-from-prev__ls-0p001__04_BGI4.mll.out	-8.446775
stages_bg_stages_mv_BGI1_BGI2_BGI3_BGI4__ps-0p01__bias-0p1__cb-0p1__nbm-lhs-parsed__nbe-0p05__nbmin-0p1__lex-from-prev__ls-0p01__04_BGI4.mll.out	-8.443589
stages_bg_stages_mv_BGI1_BGI2_BGI3_BGI4__ps-0p01__bias-0p1__cb-0p1__nbm-lhs-parsed__nbe-0p05__nbmin-0p1__lex-from-prev__ls-0p0__04_BGI4.mll.out	-8.551102
stages_bg_stages_mv_BGI1_BGI2_BGI3_BGI4__ps-0p05__bias-0p1__cb-0p1__nbm-lhs-parsed__nbe-0p001__nbmin-0p1__lex-from-prev__ls-0p001__04_BGI4.mll.out	-8.441710
stages_bg_stages_mv_BGI1_BGI2_BGI3_BGI4__ps-0p05__bias-0p1__cb-0p1__nbm-lhs-parsed__nbe-0p001__nbmin-0p1__lex-from-prev__ls-0p01__04_BGI4.mll.out	-8.441073
stages_bg_stages_mv_BGI1_BGI2_BGI3_BGI4__ps-0p05__bias-0p1__cb-0p1__nbm-lhs-parsed__nbe-0p001__nbmin-0p1__lex-from-prev__ls-0p0__04_BGI4.mll.out	-8.549056
stages_bg_stages_mv_BGI1_BGI2_BGI3_BGI4__ps-0p05__bias-0p1__cb-0p1__nbm-lhs-parsed__nbe-0p001__nbmin-0p1__lex-from-prev__ls-0p1__04_BGI4.mll.out	-8.489515
stages_bg_stages_mv_BGI1_BGI2_BGI3_BGI4__ps-0p05__bias-0p1__cb-0p1__nbm-lhs-parsed__nbe-0p005__nbmin-0p1__lex-from-prev__ls-0p001__04_BGI4.mll.out	-8.440698
stages_bg_stages_mv_BGI1_BGI2_BGI3_BGI4__ps-0p05__bias-0p1__cb-0p1__nbm-lhs-parsed__nbe-0p005__nbmin-0p1__lex-from-prev__ls-0p01__04_BGI4.mll.out	-8.440042
stages_bg_stages_mv_BGI1_BGI2_BGI3_BGI4__ps-0p05__bias-0p1__cb-0p1__nbm-lhs-parsed__nbe-0p005__nbmin-0p1__lex-from-prev__ls-0p0__04_BGI4.mll.out	-8.548053
stages_bg_stages_mv_BGI1_BGI2_BGI3_BGI4__ps-0p05__bias-0p1__cb-0p1__nbm-lhs-parsed__nbe-0p005__nbmin-0p1__lex-from-prev__ls-0p1__04_BGI4.mll.out	-8.488410
stages_bg_stages_mv_BGI1_BGI2_BGI3_BGI4__ps-0p05__bias-0p1__cb-0p1__nbm-lhs-parsed__nbe-0p01__nbmin-0p1__lex-from-prev__ls-0p001__04_BGI4.mll.out	-8.440206
stages_bg_stages_mv_BGI1_BGI2_BGI3_BGI4__ps-0p05__bias-0p1__cb-0p1__nbm-lhs-parsed__nbe-0p01__nbmin-0p1__lex-from-prev__ls-0p01__04_BGI4.mll.out	-8.439483
stages_bg_stages_mv_BGI1_BGI2_BGI3_BGI4__ps-0p05__bias-0p1__cb-0p1__nbm-lhs-parsed__nbe-0p01__nbmin-0p1__lex-from-prev__ls-0p0__04_BGI4.mll.out	-8.547517
stages_bg_stages_mv_BGI1_BGI2_BGI3_BGI4__ps-0p05__bias-0p1__cb-0p1__nbm-lhs-parsed__nbe-0p01__nbmin-0p1__lex-from-prev__ls-0p1__04_BGI4.mll.out	-8.487756
stages_bg_stages_mv_BGI1_BGI2_BGI3_BGI4__ps-0p05__bias-0p1__cb-0p1__nbm-lhs-parsed__nbe-0p05__nbmin-0p1__lex-from-prev__ls-0p001__04_BGI4.mll.out	-8.440028
stages_bg_stages_mv_BGI1_BGI2_BGI3_BGI4__ps-0p05__bias-0p1__cb-0p1__nbm-lhs-parsed__nbe-0p05__nbmin-0p1__lex-from-prev__ls-0p01__04_BGI4.mll.out	-8.437573
stages_bg_stages_mv_BGI1_BGI2_BGI3_BGI4__ps-0p05__bias-0p1__cb-0p1__nbm-lhs-parsed__nbe-0p05__nbmin-0p1__lex-from-prev__ls-0p0__04_BGI4.mll.out	-8.545489
stages_bg_stages_mv_BGI1_BGI2_BGI3_BGI4__ps-0p05__bias-0p1__cb-0p1__nbm-lhs-parsed__nbe-0p05__nbmin-0p1__lex-from-prev__ls-0p1__04_BGI4.mll.out	-8.484927
stages_bg_stages_mv_BGI1_BGI2_BGI3_BGI4__ps-0p1__bias-0p1__cb-0p1__nbm-lhs-parsed__nbe-0p001__nbmin-0p1__lex-from-prev__ls-0p001__04_BGI4.mll.out	-8.436743
stages_bg_stages_mv_BGI1_BGI2_BGI3_BGI4__ps-0p1__bias-0p1__cb-0p1__nbm-lhs-parsed__nbe-0p001__nbmin-0p1__lex-from-prev__ls-0p01__04_BGI4.mll.out	-8.436310
stages_bg_stages_mv_BGI1_BGI2_BGI3_BGI4__ps-0p1__bias-0p1__cb-0p1__nbm-lhs-parsed__nbe-0p001__nbmin-0p1__lex-from-prev__ls-0p0__04_BGI4.mll.out	-8.543940
stages_bg_stages_mv_BGI1_BGI2_BGI3_BGI4__ps-0p1__bias-0p1__cb-0p1__nbm-lhs-parsed__nbe-0p001__nbmin-0p1__lex-from-prev__ls-0p1__04_BGI4.mll.out	-8.484837
stages_bg_stages_mv_BGI1_BGI2_BGI3_BGI4__ps-0p1__bias-0p1__cb-0p1__nbm-lhs-parsed__nbe-0p005__nbmin-0p1__lex-from-prev__ls-0p001__04_BGI4.mll.out	-8.435477
stages_bg_stages_mv_BGI1_BGI2_BGI3_BGI4__ps-0p1__bias-0p1__cb-0p1__nbm-lhs-parsed__nbe-0p005__nbmin-0p1__lex-from-prev__ls-0p01__04_BGI4.mll.out	-8.435037
stages_bg_stages_mv_BGI1_BGI2_BGI3_BGI4__ps-0p1__bias-0p1__cb-0p1__nbm-lhs-parsed__nbe-0p005__nbmin-0p1__lex-from-prev__ls-0p0__04_BGI4.mll.out	-8.542749
stages_bg_stages_mv_BGI1_BGI2_BGI3_BGI4__ps-0p1__bias-0p1__cb-0p1__nbm-lhs-parsed__nbe-0p005__nbmin-0p1__lex-from-prev__ls-0p1__04_BGI4.mll.out	-8.483495
stages_bg_stages_mv_BGI1_BGI2_BGI3_BGI4__ps-0p1__bias-0p1__cb-0p1__nbm-lhs-parsed__nbe-0p01__nbmin-0p1__lex-from-prev__ls-0p001__04_BGI4.mll.out	-8.434620
stages_bg_stages_mv_BGI1_BGI2_BGI3_BGI4__ps-0p1__bias-0p1__cb-0p1__nbm-lhs-parsed__nbe-0p01__nbmin-0p1__lex-from-prev__ls-0p01__04_BGI4.mll.out	-8.434123
stages_bg_stages_mv_BGI1_BGI2_BGI3_BGI4__ps-0p1__bias-0p1__cb-0p1__nbm-lhs-parsed__nbe-0p01__nbmin-0p1__lex-from-prev__ls-0p0__04_BGI4.mll.out	-8.541944
stages_bg_stages_mv_BGI1_BGI2_BGI3_BGI4__ps-0p1__bias-0p1__cb-0p1__nbm-lhs-parsed__nbe-0p01__nbmin-0p1__lex-from-prev__ls-0p1__04_BGI4.mll.out	-8.482493
stages_bg_stages_mv_BGI1_BGI2_BGI3_BGI4__ps-0p1__bias-0p1__cb-0p1__nbm-lhs-parsed__nbe-0p05__nbmin-0p1__lex-from-prev__ls-0p001__04_BGI4.mll.out	-8.432248
stages_bg_stages_mv_BGI1_BGI2_BGI3_BGI4__ps-0p1__bias-0p1__cb-0p1__nbm-lhs-parsed__nbe-0p05__nbmin-0p1__lex-from-prev__ls-0p01__04_BGI4.mll.out	-8.431220
stages_bg_stages_mv_BGI1_BGI2_BGI3_BGI4__ps-0p1__bias-0p1__cb-0p1__nbm-lhs-parsed__nbe-0p05__nbmin-0p1__lex-from-prev__ls-0p0__04_BGI4.mll.out	-8.539229
stages_bg_stages_mv_BGI1_BGI2_BGI3_BGI4__ps-0p1__bias-0p1__cb-0p1__nbm-lhs-parsed__nbe-0p05__nbmin-0p1__lex-from-prev__ls-0p1__04_BGI4.mll.out	-8.478637
stages_bg_stages_mv_BGI1_BGI2_BGI3_BGI4__ps-0p2__bias-0p1__cb-0p1__nbm-lhs-parsed__nbe-0p001__nbmin-0p1__lex-from-prev__ls-0p001__04_BGI4.mll.out	-8.424809
stages_bg_stages_mv_BGI1_BGI2_BGI3_BGI4__ps-0p2__bias-0p1__cb-0p1__nbm-lhs-parsed__nbe-0p001__nbmin-0p1__lex-from-prev__ls-0p01__04_BGI4.mll.out	-8.427603
stages_bg_stages_mv_BGI1_BGI2_BGI3_BGI4__ps-0p2__bias-0p1__cb-0p1__nbm-lhs-parsed__nbe-0p001__nbmin-0p1__lex-from-prev__ls-0p0__04_BGI4.mll.out	-8.535136
stages_bg_stages_mv_BGI1_BGI2_BGI3_BGI4__ps-0p2__bias-0p1__cb-0p1__nbm-lhs-parsed__nbe-0p001__nbmin-0p1__lex-from-prev__ls-0p1__04_BGI4.mll.out	-8.477435
stages_bg_stages_mv_BGI1_BGI2_BGI3_BGI4__ps-0p2__bias-0p1__cb-0p1__nbm-lhs-parsed__nbe-0p005__nbmin-0p1__lex-from-prev__ls-0p001__04_BGI4.mll.out	-8.423141
stages_bg_stages_mv_BGI1_BGI2_BGI3_BGI4__ps-0p2__bias-0p1__cb-0p1__nbm-lhs-parsed__nbe-0p005__nbmin-0p1__lex-from-prev__ls-0p01__04_BGI4.mll.out	-8.425855
stages_bg_stages_mv_BGI1_BGI2_BGI3_BGI4__ps-0p2__bias-0p1__cb-0p1__nbm-lhs-parsed__nbe-0p005__nbmin-0p1__lex-from-prev__ls-0p0__04_BGI4.mll.out	-8.533421
stages_bg_stages_mv_BGI1_BGI2_BGI3_BGI4__ps-0p2__bias-0p1__cb-0p1__nbm-lhs-parsed__nbe-0p005__nbmin-0p1__lex-from-prev__ls-0p1__04_BGI4.mll.out	-8.475304
stages_bg_stages_mv_BGI1_BGI2_BGI3_BGI4__ps-0p2__bias-0p1__cb-0p1__nbm-lhs-parsed__nbe-0p01__nbmin-0p1__lex-from-prev__ls-0p001__04_BGI4.mll.out	-8.421590
stages_bg_stages_mv_BGI1_BGI2_BGI3_BGI4__ps-0p2__bias-0p1__cb-0p1__nbm-lhs-parsed__nbe-0p01__nbmin-0p1__lex-from-prev__ls-0p01__04_BGI4.mll.out	-8.424257
stages_bg_stages_mv_BGI1_BGI2_BGI3_BGI4__ps-0p2__bias-0p1__cb-0p1__nbm-lhs-parsed__nbe-0p01__nbmin-0p1__lex-from-prev__ls-0p0__04_BGI4.mll.out	-8.532677
stages_bg_stages_mv_BGI1_BGI2_BGI3_BGI4__ps-0p2__bias-0p1__cb-0p1__nbm-lhs-parsed__nbe-0p01__nbmin-0p1__lex-from-prev__ls-0p1__04_BGI4.mll.out	-8.473762
stages_bg_stages_mv_BGI1_BGI2_BGI3_BGI4__ps-0p2__bias-0p1__cb-0p1__nbm-lhs-parsed__nbe-0p05__nbmin-0p1__lex-from-prev__ls-0p001__04_BGI4.mll.out	-8.418196
stages_bg_stages_mv_BGI1_BGI2_BGI3_BGI4__ps-0p2__bias-0p1__cb-0p1__nbm-lhs-parsed__nbe-0p05__nbmin-0p1__lex-from-prev__ls-0p01__04_BGI4.mll.out	-8.420764
stages_bg_stages_mv_BGI1_BGI2_BGI3_BGI4__ps-0p2__bias-0p1__cb-0p1__nbm-lhs-parsed__nbe-0p05__nbmin-0p1__lex-from-prev__ls-0p0__04_BGI4.mll.out	-8.529564
stages_bg_stages_mv_BGI1_BGI2_BGI3_BGI4__ps-0p2__bias-0p1__cb-0p1__nbm-lhs-parsed__nbe-0p05__nbmin-0p1__lex-from-prev__ls-0p1__04_BGI4.mll.out	-8.468855
stages_bg_stages_mv_BGMMM1_BGMMM2_BGMMM3_BGMMM4_BGMMM5__ps-0p001__bias-0p1__cb-0p1__nbm-lhs-parsed__nbe-0p001__nbmin-0p1__lex-from-prev__ls-0p001__05_BGMMM5.mll.out	-8.541671
stages_bg_stages_mv_BGMMM1_BGMMM2_BGMMM3_BGMMM4_BGMMM5__ps-0p001__bias-0p1__cb-0p1__nbm-lhs-parsed__nbe-0p001__nbmin-0p1__lex-from-prev__ls-0p01__05_BGMMM5.mll.out	-8.538490
stages_bg_stages_mv_BGMMM1_BGMMM2_BGMMM3_BGMMM4_BGMMM5__ps-0p001__bias-0p1__cb-0p1__nbm-lhs-parsed__nbe-0p001__nbmin-0p1__lex-from-prev__ls-0p0__05_BGMMM5.mll.out	-8.552698
stages_bg_stages_mv_BGMMM1_BGMMM2_BGMMM3_BGMMM4_BGMMM5__ps-0p001__bias-0p1__cb-0p1__nbm-lhs-parsed__nbe-0p005__nbmin-0p1__lex-from-prev__ls-0p01__05_BGMMM5.mll.out	-8.538490
stages_bg_stages_mv_BGMMM1_BGMMM2_BGMMM3_BGMMM4_BGMMM5__ps-0p001__bias-0p1__cb-0p1__nbm-lhs-parsed__nbe-0p005__nbmin-0p1__lex-from-prev__ls-0p0__05_BGMMM5.mll.out	-8.552699
stages_bg_stages_mv_BGMMM1_BGMMM2_BGMMM3_BGMMM4_BGMMM5__ps-0p001__bias-0p1__cb-0p1__nbm-lhs-parsed__nbe-0p01__nbmin-0p1__lex-from-prev__ls-0p01__05_BGMMM5.mll.out	-8.538490
stages_bg_stages_mv_BGMMM1_BGMMM2_BGMMM3_BGMMM4_BGMMM5__ps-0p001__bias-0p1__cb-0p1__nbm-lhs-parsed__nbe-0p01__nbmin-0p1__lex-from-prev__ls-0p0__05_BGMMM5.mll.out	-8.552701
stages_bg_stages_mv_BGMMM1_BGMMM2_BGMMM3_BGMMM4_BGMMM5__ps-0p001__bias-0p1__cb-0p1__nbm-lhs-parsed__nbe-0p05__nbmin-0p1__lex-from-prev__ls-0p01__05_BGMMM5.mll.out	-8.537906
stages_bg_stages_mv_BGMMM1_BGMMM2_BGMMM3_BGMMM4_BGMMM5__ps-0p001__bias-0p1__cb-0p1__nbm-lhs-parsed__nbe-0p05__nbmin-0p1__lex-from-prev__ls-0p0__05_BGMMM5.mll.out	-8.552138
stages_bg_stages_mv_BGMMM1_BGMMM2_BGMMM3_BGMMM4_BGMMM5__ps-0p005__bias-0p1__cb-0p1__nbm-lhs-parsed__nbe-0p001__nbmin-0p1__lex-from-prev__ls-0p01__05_BGMMM5.mll.out	-8.538239
stages_bg_stages_mv_BGMMM1_BGMMM2_BGMMM3_BGMMM4_BGMMM5__ps-0p005__bias-0p1__cb-0p1__nbm-lhs-parsed__nbe-0p001__nbmin-0p1__lex-from-prev__ls-0p0__05_BGMMM5.mll.out	-8.553036
stages_bg_stages_mv_BGMMM1_BGMMM2_BGMMM3_BGMMM4_BGMMM5__ps-0p005__bias-0p1__cb-0p1__nbm-lhs-parsed__nbe-0p005__nbmin-0p1__lex-from-prev__ls-0p01__05_BGMMM5.mll.out	-8.538237
stages_bg_stages_mv_BGMMM1_BGMMM2_BGMMM3_BGMMM4_BGMMM5__ps-0p005__bias-0p1__cb-0p1__nbm-lhs-parsed__nbe-0p005__nbmin-0p1__lex-from-prev__ls-0p0__05_BGMMM5.mll.out	-8.553040
stages_bg_stages_mv_BGMMM1_BGMMM2_BGMMM3_BGMMM4_BGMMM5__ps-0p005__bias-0p1__cb-0p1__nbm-lhs-parsed__nbe-0p01__nbmin-0p1__lex-from-prev__ls-0p01__05_BGMMM5.mll.out	-8.537654
stages_bg_stages_mv_BGMMM1_BGMMM2_BGMMM3_BGMMM4_BGMMM5__ps-0p005__bias-0p1__cb-0p1__nbm-lhs-parsed__nbe-0p01__nbmin-0p1__lex-from-prev__ls-0p0__05_BGMMM5.mll.out	-8.552465
stages_bg_stages_mv_BGMMM1_BGMMM2_BGMMM3_BGMMM4_BGMMM5__ps-0p005__bias-0p1__cb-0p1__nbm-lhs-parsed__nbe-0p05__nbmin-0p1__lex-from-prev__ls-0p01__05_BGMMM5.mll.out	-8.537001
stages_bg_stages_mv_BGMMM1_BGMMM2_BGMMM3_BGMMM4_BGMMM5__ps-0p005__bias-0p1__cb-0p1__nbm-lhs-parsed__nbe-0p05__nbmin-0p1__lex-from-prev__ls-0p0__05_BGMMM5.mll.out	-8.551796
stages_bg_stages_mv_BGMMM1_BGMMM2_BGMMM3_BGMMM4_BGMMM5__ps-0p01__bias-0p1__cb-0p1__nbm-lhs-parsed__nbe-0p001__nbmin-0p1__lex-from-prev__ls-0p001__05_BGMMM5.mll.out	-8.537144
stages_bg_stages_mv_BGMMM1_BGMMM2_BGMMM3_BGMMM4_BGMMM5__ps-0p01__bias-0p1__cb-0p1__nbm-lhs-parsed__nbe-0p001__nbmin-0p1__lex-from-prev__ls-0p01__05_BGMMM5.mll.out	-8.537795
stages_bg_stages_mv_BGMMM1_BGMMM2_BGMMM3_BGMMM4_BGMMM5__ps-0p01__bias-0p1__cb-0p1__nbm-lhs-parsed__nbe-0p001__nbmin-0p1__lex-from-prev__ls-0p0__05_BGMMM5.mll.out	-8.552598
stages_bg_stages_mv_BGMMM1_BGMMM2_BGMMM3_BGMMM4_BGMMM5__ps-0p01__bias-0p1__cb-0p1__nbm-lhs-parsed__nbe-0p005__nbmin-0p1__lex-from-prev__ls-0p001__05_BGMMM5.mll.out	-8.536572
stages_bg_stages_mv_BGMMM1_BGMMM2_BGMMM3_BGMMM4_BGMMM5__ps-0p01__bias-0p1__cb-0p1__nbm-lhs-parsed__nbe-0p005__nbmin-0p1__lex-from-prev__ls-0p01__05_BGMMM5.mll.out	-8.537208
stages_bg_stages_mv_BGMMM1_BGMMM2_BGMMM3_BGMMM4_BGMMM5__ps-0p01__bias-0p1__cb-0p1__nbm-lhs-parsed__nbe-0p005__nbmin-0p1__lex-from-prev__ls-0p0__05_BGMMM5.mll.out	-8.552024
stages_bg_stages_mv_BGMMM1_BGMMM2_BGMMM3_BGMMM4_BGMMM5__ps-0p01__bias-0p1__cb-0p1__nbm-lhs-parsed__nbe-0p01__nbmin-0p1__lex-from-prev__ls-0p001__05_BGMMM5.mll.out	-8.536230
stages_bg_stages_mv_BGMMM1_BGMMM2_BGMMM3_BGMMM4_BGMMM5__ps-0p01__bias-0p1__cb-0p1__nbm-lhs-parsed__nbe-0p01__nbmin-0p1__lex-from-prev__ls-0p01__05_BGMMM5.mll.out	-8.536904
stages_bg_stages_mv_BGMMM1_BGMMM2_BGMMM3_BGMMM4_BGMMM5__ps-0p01__bias-0p1__cb-0p1__nbm-lhs-parsed__nbe-0p01__nbmin-0p1__lex-from-prev__ls-0p0__05_BGMMM5.mll.out	-8.551665
stages_bg_stages_mv_BGMMM1_BGMMM2_BGMMM3_BGMMM4_BGMMM5__ps-0p01__bias-0p1__cb-0p1__nbm-lhs-parsed__nbe-0p05__nbmin-0p1__lex-from-prev__ls-0p001__05_BGMMM5.mll.out	-8.539421
stages_bg_stages_mv_BGMMM1_BGMMM2_BGMMM3_BGMMM4_BGMMM5__ps-0p01__bias-0p1__cb-0p1__nbm-lhs-parsed__nbe-0p05__nbmin-0p1__lex-from-prev__ls-0p01__05_BGMMM5.mll.out	-8.536236
stages_bg_stages_mv_BGMMM1_BGMMM2_BGMMM3_BGMMM4_BGMMM5__ps-0p01__bias-0p1__cb-0p1__nbm-lhs-parsed__nbe-0p05__nbmin-0p1__lex-from-prev__ls-0p0__05_BGMMM5.mll.out	-8.551057
stages_bg_stages_mv_BGMMM1_BGMMM2_BGMMM3_BGMMM4_BGMMM5__ps-0p05__bias-0p1__cb-0p1__nbm-lhs-parsed__nbe-0p001__nbmin-0p1__lex-from-prev__ls-0p001__05_BGMMM5.mll.out	-8.531755
stages_bg_stages_mv_BGMMM1_BGMMM2_BGMMM3_BGMMM4_BGMMM5__ps-0p05__bias-0p1__cb-0p1__nbm-lhs-parsed__nbe-0p001__nbmin-0p1__lex-from-prev__ls-0p01__05_BGMMM5.mll.out	-8.532194
stages_bg_stages_mv_BGMMM1_BGMMM2_BGMMM3_BGMMM4_BGMMM5__ps-0p05__bias-0p1__cb-0p1__nbm-lhs-parsed__nbe-0p001__nbmin-0p1__lex-from-prev__ls-0p0__05_BGMMM5.mll.out	-8.547539
stages_bg_stages_mv_BGMMM1_BGMMM2_BGMMM3_BGMMM4_BGMMM5__ps-0p05__bias-0p1__cb-0p1__nbm-lhs-parsed__nbe-0p001__nbmin-0p1__lex-from-prev__ls-0p1__05_BGMMM5.mll.out	-8.507049
stages_bg_stages_mv_BGMMM1_BGMMM2_BGMMM3_BGMMM4_BGMMM5__ps-0p05__bias-0p1__cb-0p1__nbm-lhs-parsed__nbe-0p005__nbmin-0p1__lex-from-prev__ls-0p001__05_BGMMM5.mll.out	-8.530966
stages_bg_stages_mv_BGMMM1_BGMMM2_BGMMM3_BGMMM4_BGMMM5__ps-0p05__bias-0p1__cb-0p1__nbm-lhs-parsed__nbe-0p005__nbmin-0p1__lex-from-prev__ls-0p01__05_BGMMM5.mll.out	-8.531340
stages_bg_stages_mv_BGMMM1_BGMMM2_BGMMM3_BGMMM4_BGMMM5__ps-0p05__bias-0p1__cb-0p1__nbm-lhs-parsed__nbe-0p005__nbmin-0p1__lex-from-prev__ls-0p0__05_BGMMM5.mll.out	-8.546587
stages_bg_stages_mv_BGMMM1_BGMMM2_BGMMM3_BGMMM4_BGMMM5__ps-0p05__bias-0p1__cb-0p1__nbm-lhs-parsed__nbe-0p005__nbmin-0p1__lex-from-prev__ls-0p1__05_BGMMM5.mll.out	-8.506088
stages_bg_stages_mv_BGMMM1_BGMMM2_BGMMM3_BGMMM4_BGMMM5__ps-0p05__bias-0p1__cb-0p1__nbm-lhs-parsed__nbe-0p01__nbmin-0p1__lex-from-prev__ls-0p001__05_BGMMM5.mll.out	-8.530389
stages_bg_stages_mv_BGMMM1_BGMMM2_BGMMM3_BGMMM4_BGMMM5__ps-0p05__bias-0p1__cb-0p1__nbm-lhs-parsed__nbe-0p01__nbmin-0p1__lex-from-prev__ls-0p01__05_BGMMM5.mll.out	-8.530688
stages_bg_stages_mv_BGMMM1_BGMMM2_BGMMM3_BGMMM4_BGMMM5__ps-0p05__bias-0p1__cb-0p1__nbm-lhs-parsed__nbe-0p01__nbmin-0p1__lex-from-prev__ls-0p0__05_BGMMM5.mll.out	-8.545922
stages_bg_stages_mv_BGMMM1_BGMMM2_BGMMM3_BGMMM4_BGMMM5__ps-0p05__bias-0p1__cb-0p1__nbm-lhs-parsed__nbe-0p01__nbmin-0p1__lex-from-prev__ls-0p1__05_BGMMM5.mll.out	-8.505434
stages_bg_stages_mv_BGMMM1_BGMMM2_BGMMM3_BGMMM4_BGMMM5__ps-0p05__bias-0p1__cb-0p1__nbm-lhs-parsed__nbe-0p05__nbmin-0p1__lex-from-prev__ls-0p001__05_BGMMM5.mll.out	-8.532267
stages_bg_stages_mv_BGMMM1_BGMMM2_BGMMM3_BGMMM4_BGMMM5__ps-0p05__bias-0p1__cb-0p1__nbm-lhs-parsed__nbe-0p05__nbmin-0p1__lex-from-prev__ls-0p01__05_BGMMM5.mll.out	-8.528507
stages_bg_stages_mv_BGMMM1_BGMMM2_BGMMM3_BGMMM4_BGMMM5__ps-0p05__bias-0p1__cb-0p1__nbm-lhs-parsed__nbe-0p05__nbmin-0p1__lex-from-prev__ls-0p0__05_BGMMM5.mll.out	-8.543713
stages_bg_stages_mv_BGMMM1_BGMMM2_BGMMM3_BGMMM4_BGMMM5__ps-0p05__bias-0p1__cb-0p1__nbm-lhs-parsed__nbe-0p05__nbmin-0p1__lex-from-prev__ls-0p1__05_BGMMM5.mll.out	-8.503243
stages_bg_stages_mv_BGMMM1_BGMMM2_BGMMM3_BGMMM4_BGMMM5__ps-0p1__bias-0p1__cb-0p1__nbm-lhs-parsed__nbe-0p001__nbmin-0p1__lex-from-prev__ls-0p001__05_BGMMM5.mll.out	-8.523938
stages_bg_stages_mv_BGMMM1_BGMMM2_BGMMM3_BGMMM4_BGMMM5__ps-0p1__bias-0p1__cb-0p1__nbm-lhs-parsed__nbe-0p001__nbmin-0p1__lex-from-prev__ls-0p01__05_BGMMM5.mll.out	-8.523650
stages_bg_stages_mv_BGMMM1_BGMMM2_BGMMM3_BGMMM4_BGMMM5__ps-0p1__bias-0p1__cb-0p1__nbm-lhs-parsed__nbe-0p001__nbmin-0p1__lex-from-prev__ls-0p0__05_BGMMM5.mll.out	-8.539403
stages_bg_stages_mv_BGMMM1_BGMMM2_BGMMM3_BGMMM4_BGMMM5__ps-0p1__bias-0p1__cb-0p1__nbm-lhs-parsed__nbe-0p001__nbmin-0p1__lex-from-prev__ls-0p1__05_BGMMM5.mll.out	-8.498732
stages_bg_stages_mv_BGMMM1_BGMMM2_BGMMM3_BGMMM4_BGMMM5__ps-0p1__bias-0p1__cb-0p1__nbm-lhs-parsed__nbe-0p005__nbmin-0p1__lex-from-prev__ls-0p001__05_BGMMM5.mll.out	-8.522789
stages_bg_stages_mv_BGMMM1_BGMMM2_BGMMM3_BGMMM4_BGMMM5__ps-0p1__bias-0p1__cb-0p1__nbm-lhs-parsed__nbe-0p005__nbmin-0p1__lex-from-prev__ls-0p01__05_BGMMM5.mll.out	-8.522455
stages_bg_stages_mv_BGMMM1_BGMMM2_BGMMM3_BGMMM4_BGMMM5__ps-0p1__bias-0p1__cb-0p1__nbm-lhs-parsed__nbe-0p005__nbmin-0p1__lex-from-prev__ls-0p0__05_BGMMM5.mll.out	-8.538149
stages_bg_stages_mv_BGMMM1_BGMMM2_BGMMM3_BGMMM4_BGMMM5__ps-0p1__bias-0p1__cb-0p1__nbm-lhs-parsed__nbe-0p005__nbmin-0p1__lex-from-prev__ls-0p1__05_BGMMM5.mll.out	-8.497425
stages_bg_stages_mv_BGMMM1_BGMMM2_BGMMM3_BGMMM4_BGMMM5__ps-0p1__bias-0p1__cb-0p1__nbm-lhs-parsed__nbe-0p01__nbmin-0p1__lex-from-prev__ls-0p001__05_BGMMM5.mll.out	-8.522068
stages_bg_stages_mv_BGMMM1_BGMMM2_BGMMM3_BGMMM4_BGMMM5__ps-0p1__bias-0p1__cb-0p1__nbm-lhs-parsed__nbe-0p01__nbmin-0p1__lex-from-prev__ls-0p01__05_BGMMM5.mll.out	-8.521593
stages_bg_stages_mv_BGMMM1_BGMMM2_BGMMM3_BGMMM4_BGMMM5__ps-0p1__bias-0p1__cb-0p1__nbm-lhs-parsed__nbe-0p01__nbmin-0p1__lex-from-prev__ls-0p0__05_BGMMM5.mll.out	-8.537301
stages_bg_stages_mv_BGMMM1_BGMMM2_BGMMM3_BGMMM4_BGMMM5__ps-0p1__bias-0p1__cb-0p1__nbm-lhs-parsed__nbe-0p01__nbmin-0p1__lex-from-prev__ls-0p1__05_BGMMM5.mll.out	-8.496556
stages_bg_stages_mv_BGMMM1_BGMMM2_BGMMM3_BGMMM4_BGMMM5__ps-0p1__bias-0p1__cb-0p1__nbm-lhs-parsed__nbe-0p05__nbmin-0p1__lex-from-prev__ls-0p001__05_BGMMM5.mll.out	-8.523321
stages_bg_stages_mv_BGMMM1_BGMMM2_BGMMM3_BGMMM4_BGMMM5__ps-0p1__bias-0p1__cb-0p1__nbm-lhs-parsed__nbe-0p05__nbmin-0p1__lex-from-prev__ls-0p01__05_BGMMM5.mll.out	-8.520010
stages_bg_stages_mv_BGMMM1_BGMMM2_BGMMM3_BGMMM4_BGMMM5__ps-0p1__bias-0p1__cb-0p1__nbm-lhs-parsed__nbe-0p05__nbmin-0p1__lex-from-prev__ls-0p0__05_BGMMM5.mll.out	-8.533821
stages_bg_stages_mv_BGMMM1_BGMMM2_BGMMM3_BGMMM4_BGMMM5__ps-0p1__bias-0p1__cb-0p1__nbm-lhs-parsed__nbe-0p05__nbmin-0p1__lex-from-prev__ls-0p1__05_BGMMM5.mll.out	-8.493121
stages_bg_stages_mv_BGMMM1_BGMMM2_BGMMM3_BGMMM4_BGMMM5__ps-0p2__bias-0p1__cb-0p1__nbm-lhs-parsed__nbe-0p001__nbmin-0p1__lex-from-prev__ls-0p001__05_BGMMM5.mll.out	-8.510031
stages_bg_stages_mv_BGMMM1_BGMMM2_BGMMM3_BGMMM4_BGMMM5__ps-0p2__bias-0p1__cb-0p1__nbm-lhs-parsed__nbe-0p001__nbmin-0p1__lex-from-prev__ls-0p01__05_BGMMM5.mll.out	-8.506225
stages_bg_stages_mv_BGMMM1_BGMMM2_BGMMM3_BGMMM4_BGMMM5__ps-0p2__bias-0p1__cb-0p1__nbm-lhs-parsed__nbe-0p001__nbmin-0p1__lex-from-prev__ls-0p0__05_BGMMM5.mll.out	-8.525066
stages_bg_stages_mv_BGMMM1_BGMMM2_BGMMM3_BGMMM4_BGMMM5__ps-0p2__bias-0p1__cb-0p1__nbm-lhs-parsed__nbe-0p001__nbmin-0p1__lex-from-prev__ls-0p1__05_BGMMM5.mll.out	-8.484156
stages_bg_stages_mv_BGMMM1_BGMMM2_BGMMM3_BGMMM4_BGMMM5__ps-0p2__bias-0p1__cb-0p1__nbm-lhs-parsed__nbe-0p005__nbmin-0p1__lex-from-prev__ls-0p001__05_BGMMM5.mll.out	-8.508209
stages_bg_stages_mv_BGMMM1_BGMMM2_BGMMM3_BGMMM4_BGMMM5__ps-0p2__bias-0p1__cb-0p1__nbm-lhs-parsed__nbe-0p005__nbmin-0p1__lex-from-prev__ls-0p01__05_BGMMM5.mll.out	-8.504520
stages_bg_stages_mv_BGMMM1_BGMMM2_BGMMM3_BGMMM4_BGMMM5__ps-0p2__bias-0p1__cb-0p1__nbm-lhs-parsed__nbe-0p005__nbmin-0p1__lex-from-prev__ls-0p0__05_BGMMM5.mll.out	-8.523198
stages_bg_stages_mv_BGMMM1_BGMMM2_BGMMM3_BGMMM4_BGMMM5__ps-0p2__bias-0p1__cb-0p1__nbm-lhs-parsed__nbe-0p005__nbmin-0p1__lex-from-prev__ls-0p1__05_BGMMM5.mll.out	-8.482276
stages_bg_stages_mv_BGMMM1_BGMMM2_BGMMM3_BGMMM4_BGMMM5__ps-0p2__bias-0p1__cb-0p1__nbm-lhs-parsed__nbe-0p01__nbmin-0p1__lex-from-prev__ls-0p001__05_BGMMM5.mll.out	-8.506854
stages_bg_stages_mv_BGMMM1_BGMMM2_BGMMM3_BGMMM4_BGMMM5__ps-0p2__bias-0p1__cb-0p1__nbm-lhs-parsed__nbe-0p01__nbmin-0p1__lex-from-prev__ls-0p01__05_BGMMM5.mll.out	-8.503214
stages_bg_stages_mv_BGMMM1_BGMMM2_BGMMM3_BGMMM4_BGMMM5__ps-0p2__bias-0p1__cb-0p1__nbm-lhs-parsed__nbe-0p01__nbmin-0p1__lex-from-prev__ls-0p0__05_BGMMM5.mll.out	-8.521849
stages_bg_stages_mv_BGMMM1_BGMMM2_BGMMM3_BGMMM4_BGMMM5__ps-0p2__bias-0p1__cb-0p1__nbm-lhs-parsed__nbe-0p01__nbmin-0p1__lex-from-prev__ls-0p1__05_BGMMM5.mll.out	-8.480915
stages_bg_stages_mv_BGMMM1_BGMMM2_BGMMM3_BGMMM4_BGMMM5__ps-0p2__bias-0p1__cb-0p1__nbm-lhs-parsed__nbe-0p05__nbmin-0p1__lex-from-prev__ls-0p001__05_BGMMM5.mll.out	-8.505903
stages_bg_stages_mv_BGMMM1_BGMMM2_BGMMM3_BGMMM4_BGMMM5__ps-0p2__bias-0p1__cb-0p1__nbm-lhs-parsed__nbe-0p05__nbmin-0p1__lex-from-prev__ls-0p01__05_BGMMM5.mll.out	-8.501953
stages_bg_stages_mv_BGMMM1_BGMMM2_BGMMM3_BGMMM4_BGMMM5__ps-0p2__bias-0p1__cb-0p1__nbm-lhs-parsed__nbe-0p05__nbmin-0p1__lex-from-prev__ls-0p0__05_BGMMM5.mll.out	-8.517336
stages_bg_stages_mv_BGMMM1_BGMMM2_BGMMM3_BGMMM4_BGMMM5__ps-0p2__bias-0p1__cb-0p1__nbm-lhs-parsed__nbe-0p05__nbmin-0p1__lex-from-prev__ls-0p1__05_BGMMM5.mll.out	-8.476245
